date,open,high,low,close,volume,relative_volume,volume_zscore,high_liquidity_L1,high_liquidity_L2,high_liquidity_L3,session_number,day_in_cycle,cycle_number
2025-09-25,3.78,3.78,3.78,3.78,2483.0,,0.0,False,False,False,1,1,1
2025-09-28,3.78,3.78,3.78,3.78,275.0,,0.0,False,False,False,2,2,1
2025-09-29,3.73,3.73,3.69,3.7,86600.0,,0.0,False,False,False,3,3,1
2025-09-30,3.69,3.7,3.69,3.7,33497.0,,0.0,False,False,False,4,4,1
2025-10-01,3.75,3.97,3.75,3.97,11010.0,,0.0,False,False,False,5,5,1
2025-10-02,3.75,4.0,3.75,4.0,167427.0,,0.0,False,False,False,6,6,1
2025-10-05,4.0,4.0,3.86,3.86,21186.0,,0.0,False,False,False,7,7,1
2025-10-06,3.77,3.77,3.77,3.77,22439.0,,0.0,False,False,False,8,8,1
2025-10-07,3.73,4.49,3.73,4.49,17949.0,,0.0,False,False,False,9,9,1
2025-10-08,4.19,4.49,4.19,4.49,24785.0,,0.0,False,False,False,10,10,1
2025-10-09,4.37,4.37,4.35,4.37,4980.0,,0.0,False,False,False,11,11,1
2025-10-12,4.75,4.99,4.44,4.93,59988.0,,0.0,False,False,False,12,12,1
2025-10-13,4.7,5.0,4.7,4.99,91374.0,,0.0,False,False,False,13,13,1
2025-10-14,4.98,5.3,4.73,4.96,132868.0,,0.0,False,False,False,14,14,1
2025-10-15,4.96,4.96,4.96,4.96,1816.0,,0.0,False,False,False,15,15,1
2025-10-16,4.95,4.95,4.95,4.95,800.0,,0.0,False,False,False,16,1,2
2025-10-19,4.73,4.73,4.5,4.5,44956.0,,0.0,False,False,False,17,2,2
2025-10-20,4.5,4.6,4.45,4.6,26431.0,,0.0,False,False,False,18,3,2
2025-10-21,4.7,4.7,4.59,4.59,4384.0,,0.0,False,False,False,19,4,2
2025-10-22,4.35,4.5,4.34,4.5,21081.0,0.543094487002289,-0.38017743719342784,False,False,False,20,5,2
2025-10-23,4.3,4.37,4.26,4.3,41312.0,1.0135949104345414,0.012082409151499987,False,False,False,21,6,2
2025-10-26,4.3,4.69,4.3,4.69,15016.0,0.361875360736668,-0.5846520460801297,False,False,False,22,7,2
2025-10-27,4.5,4.5,4.25,4.25,94648.0,2.2590450231339214,1.1531352829262247,True,True,True,23,8,2
2025-10-28,4.3,4.35,4.3,4.35,3211.0,0.0795135582874498,-0.798838440954668,False,False,False,24,9,2
2025-10-29,4.36,4.47,4.36,4.47,5609.0,0.13982998030563656,-0.7384115872223872,False,False,False,25,10,2
2025-10-30,4.46,4.46,4.46,4.46,4561.0,0.1426663371880249,-0.7523887139223852,False,False,False,26,11,2
2025-11-02,4.4,4.41,4.38,4.38,2967.0,0.09552863524771603,-0.7605311926119724,False,False,False,27,12,2
2025-11-03,4.14,4.23,4.09,4.1,159690.0,4.211089809684794,2.6069820611549948,True,True,True,28,13,2
2025-11-04,3.96,3.96,3.9,3.9,27683.0,0.7207612997292231,-0.23044677824330378,False,False,False,29,14,2
2025-11-05,4.04,4.04,3.9,3.9,37209.0,0.953363122995091,-0.03920190784217739,False,False,False,30,15,2
2025-11-06,3.9,3.9,3.8,3.8,70051.0,1.6567276253318433,0.6010548978697914,True,True,False,31,1,3
2025-11-09,3.75,3.85,3.75,3.75,27538.0,0.6772707988760521,-0.28455861436291396,False,False,False,32,2,3
2025-11-10,3.71,3.8,3.71,3.8,7511.0,0.205966473890164,-0.6425963227782827,False,False,False,33,3,3
2025-11-11,3.71,3.73,3.7,3.7,82025.0,2.417837019656625,1.186362961511041,True,True,True,34,4,3
2025-11-12,3.75,3.75,3.7,3.7,35611.0,0.9998961103139996,-9.28866345295866e-05,False,False,False,35,5,3
2025-11-13,3.65,3.65,3.65,3.65,2701.0,0.07563760597595895,-0.830445723378517,False,False,False,36,6,3
2025-11-16,3.65,3.65,3.65,3.65,250.0,0.007468382602253361,-0.8213359518161023,False,False,False,37,7,3
2025-11-17,3.65,3.65,3.45,3.54,51927.0,1.4943344100951819,0.42289458107943656,True,False,False,38,8,3
2025-11-18,3.55,3.55,3.37,3.54,69857.0,1.83723492947671,0.7825161114624941,True,True,False,39,9,3
2025-11-19,3.46,3.46,3.46,3.46,1400.0,0.037798149780568245,-0.8619721817701365,False,False,False,40,10,3
2025-11-20,3.5,3.5,3.42,3.42,5052.0,0.14341740511584533,-0.7194664107762069,False,False,False,41,11,3
2025-11-23,3.57,3.75,3.57,3.75,19789.0,0.5579946143326425,-0.3747287315859536,False,False,False,42,12,3
2025-11-24,3.73,3.89,3.73,3.89,1811.0,0.05875549311950789,-0.7247348224578847,False,False,False,43,13,3
2025-11-25,3.58,3.84,3.58,3.84,5392.0,0.17431954920033493,-0.639220711056447,False,False,False,44,14,3
2025-11-27,3.85,3.85,3.85,3.85,5038.0,0.1630254520979253,-0.6470545484793403,False,False,False,45,15,3
2025-11-30,3.7,3.7,3.7,3.7,2000.0,0.06498760361461052,-0.7181835836957521,False,False,False,46,1,4
2025-12-01,3.7,3.7,3.7,3.7,1.0,3.265114213695195e-05,-0.762211827495888,False,False,False,47,2,4
2025-12-02,3.56,3.7,3.56,3.7,15963.0,0.681002284512456,-0.2836968832252784,False,False,False,48,3,4
2025-12-03,3.56,3.56,3.5,3.5,3556.0,0.1599345150017316,-0.6994847237580407,False,False,False,49,4,4
2025-12-04,3.53,3.53,3.53,3.53,33048.0,1.500405202022151,0.41442388586036244,True,True,False,50,5,4
2025-12-07,3.5,3.5,3.5,3.5,4030.0,0.21522029372496662,-0.6042037493677256,False,False,False,51,6,4
2025-12-08,3.58,3.75,3.51,3.51,13256.0,0.7359987563086797,-0.1960098560581594,False,False,False,52,7,4
2025-12-10,3.58,3.75,3.51,3.51,187.0,0.010598083277131376,-0.7131531923416529,False,False,False,53,8,4
2025-12-11,3.58,3.75,3.51,3.51,15.0,0.0011074851227831839,-0.6942516059006841,False,False,False,54,9,4
2025-12-16,3.58,3.75,3.51,3.51,189.0,0.016053545795075213,-0.6103508947737606,False,False,False,55,10,4
2025-12-17,3.58,3.75,3.51,3.51,430.0,0.03687963943719955,-0.5896872664747258,False,False,False,56,11,4
2025-12-21,3.51,3.51,3.51,3.51,7600.0,0.6319089053425404,-0.2344625562444196,False,False,False,57,12,4
2025-12-22,3.51,3.51,3.51,3.51,24.0,0.0025445562399940627,-0.5691605644443594,False,False,False,58,13,4
2025-12-23,3.36,3.44,3.36,3.44,39609.0,5.00145211187575,2.8166983433268404,True,True,True,59,14,4
2025-12-24,3.42,3.42,3.2,3.22,99520.0,7.759541538341585,3.728610471332372,True,True,True,60,15,4
2025-12-25,3.35,3.35,3.35,3.35,849.0,0.06729896514959949,-0.5040434380427431,False,False,False,61,1,5
2025-12-28,3.17,3.17,3.16,3.17,41915.0,3.0546617935889637,1.1645329214020754,True,True,True,62,2,5
2025-12-29,3.12,3.15,3.12,3.15,27913.0,1.8575540286489094,0.5316620538773622,True,True,False,63,3,5
2025-12-30,3.15,3.16,3.15,3.16,21310.0,1.346803474765605,0.22707009254583413,True,False,False,64,4,5
2026-01-01,3.39,3.39,3.39,3.39,1257.0,0.08040374577832361,-0.5923789206688167,False,False,False,65,5,5
2026-01-04,3.24,3.24,3.24,3.24,12021.0,0.7450425016966591,-0.17086351542582354,False,False,False,66,6,5
2026-01-05,3.2,3.2,3.02,3.16,105735.0,4.93596341967243,2.7225517174987814,True,True,True,67,7,5
2026-01-06,3.16,3.31,3.16,3.18,81850.0,3.3116601997920347,1.693469578224378,True,True,True,68,8,5
2026-01-07,3.19,3.25,3.19,3.25,26593.0,1.028044789707568,0.02174036071800662,False,False,False,69,9,5
2026-01-08,3.33,3.33,3.33,3.33,5000.0,0.2043723418822284,-0.5786406076636862,False,False,False,70,10,5
2026-01-12,3.33,3.33,3.33,3.33,2500.0,0.1025066988127674,-0.6497063496123395,False,False,False,71,11,5
2026-01-14,3.48,3.57,3.48,3.57,19236.0,0.7791750126075183,-0.16219109734041393,False,False,False,72,12,5
2026-01-18,3.4,3.4,3.4,3.4,1997.0,0.08059520182095918,-0.6791131310842881,False,False,False,73,13,5
2026-01-19,3.68,3.68,3.3,3.3,15233.0,0.5964591478539727,-0.3111341963073007,False,False,False,74,14,5
2026-01-20,3.68,3.68,3.3,3.3,3.0,0.00011750996386568611,-0.7704642265731356,False,False,False,75,15,5
2026-01-21,3.68,3.68,3.3,3.3,623.0,0.024393681918917436,-0.7522163605536104,False,False,False,76,1,6
2026-01-25,3.25,3.25,3.25,3.25,6050.0,0.23760991913407875,-0.585225595540691,False,False,False,77,2,6
2026-01-27,3.25,3.25,3.25,3.25,29856.0,1.107685458289276,0.08894581547963314,False,False,False,78,3,6
2026-01-28,3.2,3.4,3.2,3.4,38518.0,1.4319518048102249,0.3562938600569244,True,False,False,79,4,6
2026-01-29,3.38,3.38,3.38,3.38,6500.0,0.2921617497342452,-0.5620578362438452,False,False,False,80,5,6
2026-02-01,3.25,3.25,3.25,3.25,2001.0,0.08970861512045208,-0.7258567172082141,False,False,False,81,6,6
2026-02-02,3.4,3.4,3.36,3.36,5256.0,0.2567333899944316,-0.546940415240968,False,False,False,82,7,6
2026-02-03,3.41,3.41,3.41,3.41,53099.0,2.443366663752364,1.091752755425074,True,True,True,83,8,6
2026-02-04,3.45,3.45,3.41,3.41,24742.0,1.1295911612299405,0.09876976667815031,False,False,False,84,9,6
2026-02-05,3.22,3.24,3.22,3.24,9720.0,0.4353541619544356,-0.4426540644544796,False,False,False,85,10,6
2026-02-08,3.25,3.25,3.25,3.25,3352.0,0.1531069007728427,-0.6458136110810329,False,False,False,86,11,6
2026-02-09,3.25,3.3,3.25,3.3,8500.0,0.4990767080900334,-0.40725635004909433,False,False,False,87,12,6
2026-02-11,3.37,3.37,3.24,3.24,47741.0,3.115033276784549,1.9939138540887589,True,True,True,88,13,6
2026-02-12,3.19,3.31,3.19,3.31,26756.0,1.744863588787119,0.7023230941589194,True,True,False,89,14,6
2026-02-16,3.37,3.37,3.2,3.2,13366.0,0.8485029312900533,-0.1483203852160998,False,False,False,90,15,6
2026-02-17,3.25,3.25,3.2,3.2,56882.0,3.079438379562083,2.1115796274679526,True,True,True,91,1,7
2026-02-24,3.25,3.25,3.2,3.2,405.0,0.023103251568739304,-0.9191788497669416,False,False,False,92,2,7
2026-02-25,3.12,3.13,3.1,3.1,40218.0,2.0687154243212174,1.0986268172830602,True,True,True,93,3,7
2026-02-26,3.05,3.05,3.05,3.05,1002.0,0.053498491684241437,-0.9165645010521162,False,False,False,94,4,7
2026-03-01,3.05,3.3,3.05,3.3,13402.0,0.6908443280608471,-0.31757521468934397,False,False,False,95,5,7
2026-03-02,3.07,3.07,3.07,3.07,6773.0,0.34368585701998533,-0.6949478578192062,False,False,False,96,6,7
2026-03-03,2.92,2.92,2.92,2.92,12742.0,0.6357791687768661,-0.39645539699573534,False,False,False,97,7,7
2026-03-04,2.92,2.92,2.92,2.92,200.0,0.01077658786286792,-0.978053426734507,False,False,False,98,8,7
2026-03-08,2.92,2.92,2.92,2.92,100.0,0.006010391967712175,-0.889824892696661,False,False,False,99,9,7
2026-03-10,2.92,2.92,2.92,2.92,100.0,0.006128258318344635,-0.8616053128335599,False,False,False,100,10,7
2026-03-11,2.9,2.9,2.9,2.9,1000.0,0.06147112701164263,-0.8093537155139082,False,False,False,101,11,7
2026-03-12,3.05,3.05,3.04,3.04,16811.0,0.9979490132408856,-0.0018490492365418145,False,False,False,102,12,7
2026-03-26,3.05,3.05,3.04,3.04,305.0,0.02147002819261079,-0.8204983583121278,False,False,False,103,13,7
2026-03-29,3.02,3.02,3.02,3.02,8350.0,0.6237743953683818,-0.2997528761375581,False,False,False,104,14,7
2026-03-30,3.04,3.04,3.04,3.04,7246.0,0.5463504378871333,-0.3573023710409077,False,False,False,105,15,7
2026-03-31,2.92,2.92,2.88,2.9,39573.0,2.6253184375331706,1.3884356173514112,True,True,True,106,1,8
2026-04-02,2.9,2.9,2.9,2.9,2100.0,0.14233814119943608,-0.7097638371533715,False,False,False,107,2,8
2026-04-05,2.99,3.17,2.99,3.12,17841.0,1.3456171843181028,0.284895428238451,True,False,False,108,3,8
2026-04-06,2.99,3.17,2.99,3.12,50.0,0.004193469928627142,-0.7414612865618911,False,False,False,109,4,8
2026-04-07,2.87,3.03,2.87,2.97,60263.0,4.223602919789882,2.37987545979369,True,True,True,110,5,8
2026-04-08,2.87,3.03,2.87,2.97,289.0,0.02526555055295712,-0.6665510377315115,False,False,False,111,6,8
2026-04-09,3.14,3.14,3.14,3.14,68074.0,4.592783000887198,2.5675640531689012,True,True,True,112,7,8
2026-04-12,3.14,3.14,3.14,3.14,195.0,0.0152096593036316,-0.6287332137729058,False,False,False,113,8,8
2026-04-13,2.96,3.0,2.85,2.99,91437.0,5.27240803688039,2.801156168502684,True,True,True,114,9,8
2026-04-14,3.17,3.17,3.12,3.12,7763.0,0.4550250284280741,-0.35051495181269116,False,False,False,115,10,8
2026-04-15,3.17,3.17,3.12,3.12,1.0,5.9801459155603396e-05,-0.626104976812603,False,False,False,116,11,8
2026-04-16,3.17,3.17,3.12,3.12,10.0,0.0006216817735337635,-0.5963388707023678,False,False,False,117,12,8
2026-04-20,3.33,3.33,3.08,3.08,6056.0,0.36975980266451747,-0.38506217730956754,False,False,False,118,13,8
2026-04-22,3.33,3.33,3.08,3.08,11.0,0.0006718070081685625,-0.610335581760461,False,False,False,119,14,8
2026-04-23,3.37,3.37,3.05,3.05,33741.0,1.8687070082743495,0.585487348177052,True,True,False,120,15,8
2026-04-26,2.8,3.3,2.8,3.3,41256.0,2.0557487816788416,0.7860906198828166,True,True,True,121,1,9
2026-04-27,3.3,3.3,3.3,3.3,19010.0,0.9420894960242436,-0.04337059952427766,False,False,False,122,2,9
2026-04-28,3.51,3.51,3.35,3.35,25883.0,1.206247713498109,0.16665826999380318,False,False,False,123,3,9
2026-04-29,3.51,3.51,3.35,3.35,11.0,0.0005228012642285117,-0.7836517320765956,False,False,False,124,4,9
2026-05-11,3.5,3.5,3.15,3.3,34866.0,1.5550253105278415,0.4643700180690801,True,True,False,125,5,9
2026-05-12,3.4,3.43,3.27,3.27,40851.0,1.8167788876337534,0.6841805099627196,True,True,False,126,6,9
2026-05-13,3.43,3.43,3.17,3.17,19003.0,0.8145114452938315,-0.16373305985304398,False,False,False,127,7,9
2026-05-14,3.3,3.3,3.3,3.3,2600.0,0.11520482087865831,-0.7447026041788819,False,False,False,128,8,9
2026-05-17,3.23,3.31,3.23,3.31,8332.0,0.3625351352762525,-0.5526396156778179,False,False,False,129,9,9
2026-05-18,3.24,3.32,3.24,3.24,26103.0,1.2269560884810997,0.19281468578430294,False,False,False,130,10,9
2026-05-19,3.24,4.0,3.24,3.6,125972.0,4.571034607883159,2.9156946934439714,True,True,True,131,11,9
2026-05-20,3.59,3.6,3.59,3.6,4326.0,0.17750350308866764,-0.6126379835809443,False,False,False,132,12,9
2026-05-21,3.6,3.88,3.59,3.88,27227.0,1.0584711318103095,0.04667623433217849,False,False,False,133,13,9
2026-05-31,3.9,3.9,3.8,3.89,22373.0,1.0046363340405706,0.003652535786870834,False,False,False,134,14,9
2026-06-01,3.85,3.99,3.81,3.96,7000.0,0.3148671260727973,-0.5384255504308545,False,False,False,135,15,9
2026-06-02,3.9,3.9,3.89,3.89,4960.0,0.22064498622080958,-0.6233566378795384,False,False,False,136,1,10
2026-06-03,3.52,3.78,3.52,3.75,13911.0,0.6002692603108576,-0.3345581080256805,False,False,False,137,2,10
2026-06-04,3.78,3.78,3.6,3.6,6127.0,0.264343789301562,-0.6158594474813749,False,False,False,138,3,10
2026-06-07,3.55,3.55,3.4,3.43,25774.0,1.0534490298900938,0.04817248833044794,False,False,False,139,4,10
2026-06-08,3.42,3.45,3.42,3.45,22994.0,0.960928080839318,-0.03455205134665509,False,False,False,140,5,10
2026-06-09,3.69,3.69,3.46,3.46,13446.0,0.5965805101948004,-0.3388212322254569,False,False,False,141,6,10
2026-06-10,3.69,3.8,3.69,3.8,15870.0,0.7090693409050799,-0.24236375450952674,False,False,False,142,7,10
2026-06-11,3.85,3.87,3.84,3.87,5511.0,0.2579711976632332,-0.5846854275823885,False,False,False,143,8,10
2026-06-14,3.5,3.69,3.5,3.66,65971.0,2.675130824768814,1.456593910922109,True,True,True,144,9,10
2026-06-15,3.65,3.65,3.65,3.65,16014.0,0.6751762883012027,-0.27207148868881376,False,False,False,145,10,10
2026-06-16,3.62,3.67,3.62,3.67,28422.0,1.2305600775865055,0.18980337103515835,False,False,False,146,11,10
2026-06-18,3.66,3.79,3.66,3.77,40651.0,1.6812384197988353,0.5819062258337436,True,True,False,147,12,10
2026-06-21,3.77,3.78,3.77,3.77,17609.0,0.7063476623217735,-0.262384586123537,False,False,False,148,13,10
2026-06-22,3.73,3.87,3.72,3.87,102466.0,3.4574433086395593,2.2400826661409843,True,True,True,149,14,10
2026-06-23,3.8,3.8,3.8,3.8,2728.0,0.09582823982351867,-0.7785429575588403,False,False,False,150,15,10
2026-06-25,3.75,3.8,3.75,3.8,32925.0,1.382517504540158,0.3812531972150902,True,False,False,151,1,11
2026-06-28,3.7,4.18,3.7,4.18,165558.0,5.193675033762746,3.406561487678864,True,True,True,152,2,11
2026-06-29,4.26,4.49,4.2,4.25,116229.0,3.199525421209323,1.8367270422577642,True,True,True,153,3,11
2026-06-30,4.2,4.48,4.2,4.48,6115.0,0.17218537452078825,-0.6692749975635258,False,False,False,154,4,11
2026-07-05,4.46,4.46,4.46,4.46,1000.0,0.02839775600932014,-0.7749218661035295,False,False,False,155,5,11
2026-07-09,4.3,4.3,4.3,4.3,3480.0,0.09903230075085265,-0.716190344240097,False,False,False,156,6,11
2026-07-13,4.29,4.29,4.23,4.29,39510.0,1.084843492586491,0.07034093016306982,False,False,False,157,7,11
2026-07-14,4.3,4.35,4.2,4.25,71510.0,1.8017518641744656,0.7233868083724527,True,True,False,158,8,11
2026-07-15,4.2,4.2,4.15,4.15,35616.0,0.8863835744283715,-0.10403999164904532,False,False,False,159,9,11
2026-07-16,4.1,4.1,4.1,4.1,22535.0,0.5611542321263598,-0.4015393924518843,False,False,False,160,10,11
2026-07-19,4.1,4.1,4.1,4.1,8000.0,0.2005716291430577,-0.7233621154782444,False,False,False,161,11,11
2026-07-20,4.0,4.0,4.0,4.0,1400.0,0.03574848388126396,-0.8464886427437516,False,False,False,162,12,11
2026-07-28,4.0,4.0,4.0,4.0,20000.0,0.5014171301641264,-0.45043246322566116,False,False,False,163,13,11
2026-07-29,3.9,3.9,3.88,3.88,38001.0,0.9873351615874374,-0.011148854618051278,False,False,False,164,14,11
2026-07-30,3.88,3.88,3.8,3.8,63400.0,1.5517251928948608,0.5155588334777957,True,True,False,165,15,11
2026-08-02,3.83,3.83,3.8,3.8,21045.0,0.5197720856827427,-0.4432645253508705,False,False,False,166,1,12
2026-08-03,3.85,3.85,3.8,3.8,35632.0,0.8855321903824623,-0.10497028609226124,False,False,False,167,2,12
2026-08-12,3.7,3.7,3.7,3.7,8064.0,0.20281333075121918,-0.7173065079084417,False,False,False,168,3,12
2026-08-18,3.8,3.94,3.6,3.94,161958.0,3.7897943854377996,2.373904546712338,True,True,True,169,4,12
2026-08-19,3.93,3.93,3.7,3.7,206250.0,3.8980257562642455,2.5086161961538016,True,True,True,170,5,12
2026-08-20,3.7,3.9,3.7,3.7,642539.0,7.705034409734255,3.8552528186334656,True,True,True,171,6,12
2026-08-23,3.7,4.06,3.69,4.06,770760.0,6.781742896309971,3.1120865129775503,True,True,True,172,7,12
2026-08-24,3.8,4.1,3.8,4.1,135922.0,1.1856745889301739,0.10077929732351612,False,False,False,173,8,12
2026-08-25,3.84,4.1,3.84,4.1,3000.0,0.02620519893676773,-0.5276189029080844,False,False,False,174,9,12
2026-08-26,3.9,3.9,3.9,3.9,18148.0,0.15734555243912485,-0.46096687173657913,False,False,False,175,10,12
2026-08-27,3.7,3.7,3.5,3.5,213637.0,1.6976018772097878,0.41763651465277396,True,True,False,176,11,12
2026-08-30,3.69,3.69,3.6,3.6,14920.0,0.11972698716104603,-0.520356689671709,False,False,False,177,12,12
2026-09-01,3.57,3.6,3.57,3.6,11150.0,0.09169494612819118,-0.5208877019915188,False,False,False,178,13,12
2026-09-08,3.25,3.25,3.25,3.25,4831.0,0.040238348287017445,-0.5414698947395201,False,False,False,179,14,12
2026-09-09,3.2,3.33,3.01,3.01,6156.0,0.051626689388224574,-0.5303332769202201,False,False,False,180,15,12
2026-09-13,3.01,3.01,3.01,3.01,750.0,0.006308981086936498,-0.5534533711597683,False,False,False,181,1,13
2026-09-14,2.8,2.8,2.8,2.8,13061.0,0.10933256990554256,-0.49925912601814754,False,False,False,182,2,13
