date,open,high,low,close,volume,prev_close,daily_return,volume_sma20,relative_volume,close_strength,range,range_percent,liquidity,liquidity_strength,money_flow,volume_change,relvol_zscore,sign_daily_return,bls_v1_sign,bls_v2_tanh_return,bls_v3_additive,NextDayReturn,Return3Days,Return5Days,Return7Days,strong_bullish_liquidity,extreme_bullish_liquidity,exceeds_daily_limit
2025-11-23,1.99,2.01,1.99,2.0,284940.0,,,,,0.5000000000000056,0.019999999999999796,,284940.0,,569880.0,,0.0,0.0,0.0,,0.2500000000000028,-0.0050000000000000044,-0.020000000000000018,-0.06000000000000005,-0.09999999999999998,False,False,False
2025-11-24,2.0,2.0,1.97,1.99,560863.0,2.0,-0.0050000000000000044,,,0.6666666666666666,0.030000000000000027,0.015000000000000013,560863.0,,1116117.3699999999,0.9683547413490559,0.0,-1.0,-0.0,-0.0,0.3333333333333333,-0.02010050251256283,-0.015075376884422124,-0.0703517587939698,-0.0753768844221105,False,False,False
2025-11-25,1.98,2.0,1.95,1.95,959833.0,1.99,-0.02010050251256283,,,0.0,0.050000000000000044,0.02512562814070354,959833.0,,1871674.3499999999,0.7113501871223453,0.0,-1.0,-0.0,-0.0,0.0,0.0051282051282051325,-0.03589743589743593,-0.07692307692307689,-0.03589743589743593,False,False,False
2025-11-26,1.94,1.98,1.94,1.96,1529312.0,1.95,0.0051282051282051325,,,0.5,0.040000000000000036,0.02051282051282053,1529312.0,,2997451.52,0.5933105029729131,0.0,1.0,0.0,0.0,0.25,0.0,-0.056122448979591774,-0.06122448979591831,-0.04081632653061228,False,False,False
2025-11-27,1.96,1.98,1.96,1.96,572980.0,1.96,0.0,,,0.0,0.020000000000000018,0.01020408163265307,572980.0,,1123040.8,-0.6253347910694482,0.0,0.0,0.0,0.0,0.0,-0.04081632653061228,-0.08163265306122446,-0.04081632653061228,-0.01020408163265307,False,False,False
2025-11-30,1.97,1.98,1.88,1.88,2254504.0,1.96,-0.04081632653061228,,,0.0,0.10000000000000009,0.051020408163265356,2254504.0,,4238467.52,2.9346992914237844,0.0,-1.0,-0.0,-0.0,0.0,-0.015957446808510536,-0.021276595744680753,0.0,0.04787234042553196,False,False,False
2025-12-01,1.89,1.89,1.85,1.85,1310789.0,1.88,-0.015957446808510536,,,0.0,0.039999999999999813,0.021276595744680753,1310789.0,,2424959.65,-0.41859096280157404,0.0,-1.0,-0.0,-0.0,0.0,-0.02702702702702705,0.01621621621621611,0.04864864864864857,0.11351351351351349,False,False,False
2025-12-02,1.86,1.87,1.78,1.8,1609937.0,1.85,-0.02702702702702705,,,0.2222222222222222,0.09000000000000008,0.04864864864864869,1609937.0,,2897886.6,0.22821979738920595,0.0,-1.0,-0.0,-0.0,0.1111111111111111,0.02222222222222224,0.04444444444444436,0.0944444444444444,0.1222222222222222,False,False,False
2025-12-03,1.81,1.84,1.77,1.84,3395859.0,1.8,0.02222222222222224,,,1.0,0.07000000000000006,0.038888888888888924,3395859.0,,6248380.5600000005,1.1093117308317035,0.0,1.0,0.0,0.0,0.5,0.021739130434782507,0.054347826086956444,0.11956521739130432,0.0978260869565217,False,False,False
2025-12-04,1.84,1.92,1.84,1.88,2262505.0,1.84,0.021739130434782507,,,0.4999999999999986,0.07999999999999985,0.04347826086956513,2262505.0,,4253509.399999999,-0.33374589463225657,0.0,1.0,0.0,0.0,0.2499999999999993,0.0,0.04787234042553196,0.07446808510638304,0.09042553191489358,False,False,False
2025-12-07,1.89,1.93,1.88,1.88,1163659.0,1.88,0.0,,,0.0,0.050000000000000044,0.02659574468085109,1163659.0,,2187678.92,-0.48567671673653756,0.0,0.0,0.0,0.0,0.0,0.03191489361702131,0.09574468085106393,0.07446808510638304,0.07446808510638304,False,False,False
2025-12-08,1.88,2.0,1.87,1.94,3740201.0,1.88,0.03191489361702131,,,0.5384615384615377,0.1299999999999999,0.06914893617021271,3740201.0,,7255989.9399999995,2.214172708671527,0.0,1.0,0.0,0.0,0.26923076923076883,0.01546391752577321,0.041237113402061897,0.05670103092783499,0.04639175257731951,False,False,False
2025-12-09,1.93,1.97,1.91,1.97,1444571.0,1.94,0.01546391752577321,,,1.0,0.06000000000000005,0.03092783505154642,1444571.0,,2845804.87,-0.6137718267012923,0.0,1.0,0.0,0.0,0.5,0.0456852791878173,0.0253807106598985,0.0253807106598985,0.020304568527918686,False,False,False
2025-12-10,1.99,2.07,1.97,2.06,2476824.0,1.97,0.0456852791878173,,,0.900000000000002,0.09999999999999987,0.050761421319796884,2476824.0,,5102257.44,0.7145740846244317,0.0,1.0,0.0,0.0,0.450000000000001,-0.019417475728155355,-0.004854368932038947,-0.014563106796116625,-0.014563106796116625,False,False,False
2025-12-11,2.04,2.07,2.02,2.02,1161875.0,2.06,-0.019417475728155355,,,0.0,0.04999999999999982,0.024271844660194088,1161875.0,,2346987.5,-0.5309012671065849,0.0,-1.0,-0.0,-0.0,0.0,0.0,0.0,-0.004950495049505065,-0.014851485148514865,False,False,False
2025-12-14,2.0,2.05,1.98,2.02,1112812.0,2.02,0.0,,,0.5714285714285733,0.06999999999999984,0.03465346534653457,1112812.0,,2247880.24,-0.04222743410435714,0.0,0.0,0.0,0.0,0.28571428571428664,0.014851485148514755,0.004950495049504845,0.004950495049504845,-0.014851485148514865,False,False,False
2025-12-15,1.98,2.12,1.98,2.05,3484713.0,2.02,0.014851485148514755,,,0.4999999999999984,0.14000000000000012,0.06930693069306937,3484713.0,,7143661.649999999,2.1314480792802377,0.0,1.0,0.0,0.0,0.2499999999999992,-0.01463414634146332,-0.019512195121951237,-0.02926829268292675,-0.03902439024390237,False,False,False
2025-12-16,2.05,2.06,2.01,2.02,1242487.0,2.05,-0.01463414634146332,,,0.20000000000000356,0.050000000000000266,0.024390243902439157,1242487.0,,2509823.74,-0.6434463899896491,0.0,-1.0,-0.0,-0.0,0.10000000000000178,0.004950495049504845,0.004950495049504845,-0.014851485148514865,0.03960396039603964,False,False,False
2025-12-17,2.02,2.04,2.0,2.03,683272.0,2.02,0.004950495049504845,,,0.7499999999999944,0.040000000000000036,0.01980198019801982,683272.0,,1387042.16,-0.45007714366427976,0.0,1.0,0.0,0.0,0.3749999999999972,-0.009852216748768483,-0.019704433497536856,-0.029556650246305338,0.08374384236453221,False,False,False
2025-12-18,2.03,2.05,2.0,2.01,489576.0,2.03,-0.009852216748768483,1587075.6,0.30847679845875015,0.19999999999999646,0.04999999999999982,0.024630541871921097,489576.0,0.061695359691748934,984047.7599999999,-0.2834830053038907,0.0,-1.0,-0.0,-0.0,0.09999999999999823,0.009950248756218916,-0.009950248756218805,0.04477611940298523,0.0845771144278609,False,False,False
2025-12-21,2.01,2.06,2.01,2.03,469166.0,2.01,0.009950248756218916,1596286.9,0.2939108251781055,0.39999999999999825,0.050000000000000266,0.0248756218905474,469166.0,0.11756433007124169,952406.9799999999,-0.04168913508832128,0.0,1.0,0.0,0.0,0.19999999999999912,-0.019704433497536856,-0.029556650246305338,0.08374384236453221,0.019704433497536967,False,False,False
2025-12-22,2.02,2.04,1.98,1.99,991959.0,2.03,-0.019704433497536856,1617841.7,0.6131372432791169,0.16666666666666666,0.06000000000000005,0.02955665024630545,991959.0,0.10218954054651948,1973998.41,1.1143028267180486,0.0,-1.0,-0.0,-0.0,0.08333333333333333,0.0,0.05527638190954779,0.09547738693467345,0.1356783919597989,False,False,False
2025-12-23,2.0,2.01,1.98,1.99,655833.0,1.99,0.0,1602641.7,0.409219977241326,0.3333333333333358,0.029999999999999805,0.015075376884422013,655833.0,0.13640665908044303,1305107.67,-0.33885069846636806,0.0,0.0,0.0,0.0,0.1666666666666679,-0.010050251256281416,0.10552763819095487,0.04020100502512555,0.17085427135678397,False,False,False
2025-12-24,2.0,2.01,1.95,1.97,1265949.0,1.99,-0.010050251256281416,1589473.55,0.796458047383047,0.3333333333333346,0.05999999999999983,0.030150753768844137,1265949.0,0.26548601579435,2493919.53,0.9302917053579189,0.0,-1.0,-0.0,-0.0,0.1666666666666673,0.0659898477157361,0.1065989847715737,0.14720812182741108,0.2994923857868021,False,False,False
2025-12-25,1.99,2.14,1.97,2.1,4541378.0,1.97,0.0659898477157361,1787893.45,2.5400719489184325,0.7647058823529411,0.17000000000000015,0.0862944162436549,4541378.0,1.9424079609376248,9536893.8,2.5873309272332454,0.0,1.0,0.0,0.0,0.38235294117647056,0.04761904761904766,-0.014285714285714403,0.10952380952380951,0.23809523809523808,True,False,False
2025-12-28,2.11,2.26,2.09,2.2,9931369.0,2.1,0.04761904761904766,2171736.7,4.573007860483271,0.6470588235294139,0.16999999999999993,0.08095238095238091,9931369.0,2.9590050861950674,21849011.8,1.186862445715816,0.0,1.0,0.0,0.0,0.32352941176470695,-0.009090909090909097,0.027272727272727094,0.16363636363636358,0.1772727272727271,False,False,False
2025-12-29,2.2,2.3,2.16,2.18,9598704.0,2.2,-0.009090909090909097,2586132.45,3.7116057222823216,0.14285714285714332,0.13999999999999968,0.06363636363636349,9598704.0,0.5302293888974763,20925174.720000003,-0.03349638906781127,0.0,-1.0,-0.0,-0.0,0.07142857142857166,-0.05045871559633042,0.06880733944954123,0.19266055045871555,0.21559633027522923,False,False,False
2025-12-30,2.17,2.18,2.06,2.07,5305004.0,2.18,-0.05045871559633042,2770885.8,1.9145516570910286,0.08333333333333148,0.1200000000000001,0.05504587155963307,5305004.0,0.15954597142424884,10981358.28,-0.4473208049753383,0.0,-1.0,-0.0,-0.0,0.04166666666666574,0.09178743961352655,0.23671497584541074,0.25120772946859904,0.2077294685990339,False,False,False
2025-12-31,2.1,2.26,2.1,2.26,8509558.0,2.07,0.09178743961352655,3026570.75,2.8116170751997123,1.0,0.1599999999999997,0.07729468599033802,8509558.0,2.8116170751997123,19231601.08,0.604062504005652,0.0,1.0,0.0,0.0,0.5,0.030973451327433756,0.15044247787610635,0.172566371681416,0.2168141592920355,True,True,False
2026-01-01,2.26,2.37,2.23,2.33,9555532.0,2.26,0.030973451327433756,3391222.1,2.817725208856123,0.7142857142857143,0.14000000000000012,0.06194690265486732,9555532.0,2.012660863468659,22264389.560000002,0.12291754753889683,0.0,1.0,0.0,0.0,0.35714285714285715,0.09871244635193133,0.11158798283261794,0.0729613733905579,0.22317596566523606,False,False,False
2026-01-04,2.34,2.56,2.32,2.56,29576965.0,2.33,0.09871244635193133,4811887.4,6.146645285174379,1.0,0.2400000000000002,0.10300429184549365,29576965.0,6.146645285174379,75717030.4,2.0952714092737064,0.0,1.0,0.0,0.0,0.5,0.015625000000000014,0.035156249999999944,0.07421874999999997,0.16406249999999997,True,True,False
2026-01-05,2.6,2.74,2.57,2.6,32438309.0,2.56,0.015625000000000014,6246792.8,5.192794132694781,0.17647058823529518,0.17000000000000037,0.06640625000000014,32438309.0,0.9163754351814374,84339603.4,0.0967423128099858,0.0,1.0,0.0,0.0,0.08823529411764759,-0.003846153846153935,-0.03846153846153849,0.09615384615384615,0.03461538461538456,False,False,False
2026-01-06,2.6,2.7,2.54,2.59,19987771.0,2.6,-0.003846153846153935,7173952.8,2.786158699009004,0.3124999999999986,0.16000000000000014,0.06153846153846159,19987771.0,0.8706745934403098,51768326.89,-0.3838220420182815,0.0,-1.0,-0.0,-0.0,0.1562499999999993,0.02316602316602319,0.06177606177606183,0.15057915057915064,0.054054054054054106,False,False,False
2026-01-07,2.65,2.67,2.58,2.65,13714411.0,2.59,0.02316602316602319,7735832.15,1.7728423696473299,0.7777777777777772,0.08999999999999986,0.034749034749034693,13714411.0,1.378877398614589,36343189.15,-0.3138599096417505,0.0,1.0,0.0,0.0,0.3888888888888886,-0.05660377358490563,0.07547169811320761,0.015094339622641523,0.015094339622641523,True,False,False
2026-01-08,2.66,2.72,2.5,2.5,13142831.0,2.65,-0.05660377358490563,8334879.95,1.576847066645513,0.0,0.2200000000000002,0.08301886792452838,13142831.0,0.0,32857077.5,-0.04167732759358023,0.0,-1.0,-0.0,-0.0,0.0,0.1,0.192,0.092,0.03599999999999994,False,False,False
2026-01-11,2.5,2.75,2.45,2.75,14487314.0,2.5,0.1,9003605.05,1.609057029883824,1.0,0.2999999999999998,0.11999999999999993,14487314.0,1.609057029883824,39840113.5,0.10229782304893065,0.0,1.0,0.0,0.0,0.5,0.0363636363636364,-0.021818181818181837,-0.021818181818181837,-0.05818181818181823,True,False,False
2026-01-12,2.83,2.98,2.76,2.85,31000819.0,2.75,0.0363636363636364,10379410.35,2.9867610928399224,0.4090909090909101,0.2200000000000002,0.08000000000000007,31000819.0,1.221856810707244,88352334.15,1.1398596730905397,0.0,1.0,0.0,0.0,0.20454545454545506,0.04561403508771926,-0.04210526315789477,-0.09122807017543867,-0.11578947368421055,False,False,False
2026-01-13,2.88,2.98,2.76,2.98,23538405.0,2.85,0.04561403508771926,11494206.25,2.047849541589703,1.0,0.2200000000000002,0.07719298245614041,23538405.0,2.047849541589703,70144446.9,-0.24071667267887342,0.0,1.0,0.0,0.0,0.5,-0.09731543624161075,-0.09731543624161075,-0.13087248322147654,-0.15436241610738255,True,True,False
2026-01-14,2.97,2.97,2.69,2.69,33964990.0,2.98,-0.09731543624161075,13158292.15,2.5812612771331422,0.0,0.28000000000000025,0.09395973154362425,33964990.0,0.0,91365823.1,0.44296055743794027,0.12777633973507369,-1.0,-0.0,-0.0,0.06354272935843461,0.014869888475836444,-0.037174721189591114,-0.06319702602230481,-0.026022304832713696,False,False,False
2026-01-15,2.67,2.77,2.62,2.73,15046108.0,2.69,0.014869888475836444,13886118.75,1.0835358872327085,0.733333333333333,0.1499999999999999,0.05576208178438659,15046108.0,0.7945929839706525,41075874.839999996,-0.5570112636570774,-0.8443899276220437,1.0,-0.619219280256165,-0.09140451473292548,0.022603035097592428,-0.014652014652014666,-0.05128205128205133,-0.07692307692307691,-0.06593406593406599,False,False,False
2026-01-18,2.75,2.78,2.68,2.69,13213470.0,2.73,-0.014652014652014666,14523333.95,0.9098096928357142,0.09999999999999823,0.09999999999999964,0.0366300366300365,13213470.0,0.09098096928356982,35544234.3,-0.12180146520282853,-0.9983959924214297,-1.0,0.09983959924214121,0.014524721515903432,-0.3304598452893257,-0.037174721189591114,-0.06319702602230481,-0.026022304832713696,-0.05576208178438659,False,False,False
2026-01-19,2.68,2.69,2.57,2.59,11064697.0,2.69,-0.037174721189591114,15026970.85,0.7363225170560572,0.16666666666666666,0.1200000000000001,0.04460966542750933,11064697.0,0.12272041950934287,28657565.229999997,-0.16261988713032993,-1.1207669693703095,-1.0,0.18679449489505157,0.06640899853439881,-0.32058443077843995,0.0,-0.027027027027026966,-0.015444015444015458,-0.01930501930501924,False,False,False
2026-01-20,2.61,2.7,2.58,2.59,22857172.0,2.59,0.0,16137037.8,1.4164416222660146,0.08333333333333148,0.1200000000000001,0.04633204633204638,22857172.0,0.11803680185549859,59200075.48,1.0657747790111198,-0.735477655216162,0.0,-0.0,-0.0,-0.27153587842091426,-0.027027027027026966,0.01158301158301168,-0.01930501930501924,-0.030888030888030917,False,False,False
2026-01-21,2.59,2.65,2.51,2.52,10230679.0,2.59,-0.027027027027026966,16585274.3,0.6168531683554971,0.07142857142857302,0.14000000000000012,0.054054054054054106,10230679.0,0.0440609405968222,25781311.080000002,-0.5524083644293354,-1.2620437696779438,-1.0,0.09014598354842657,0.023787389009810107,-0.39009900286592875,0.0,0.011904761904761828,0.007936507936507943,-0.03571428571428566,False,False,False
2026-01-22,2.52,2.56,2.48,2.52,15248419.0,2.52,0.0,17120626.35,0.8906460948492109,0.5,0.08000000000000007,0.03174603174603177,15248419.0,0.44532304742460543,38426015.88,0.49046011511063936,-0.9938773287283834,0.0,-0.0,-0.0,-0.12950538856463018,0.039682539682539715,0.007936507936507943,-0.00396825396825406,-0.03571428571428566,False,False,False
2026-01-25,2.54,2.7,2.53,2.62,15339920.0,2.52,0.039682539682539715,17391053.9,0.8820581022982168,0.5294117647058829,0.17000000000000037,0.06746031746031761,15339920.0,0.46697193651082114,40190590.4,0.006000687677850447,-0.9103732034386314,1.0,-0.4819622841733936,-0.18181033241618194,-0.0959497834885561,-0.026717557251908504,-0.030534351145038195,-0.07251908396946563,-0.045801526717557293,False,False,False
2026-01-26,2.63,2.64,2.53,2.55,7651535.0,2.62,-0.026717557251908504,17293695.45,0.4424464986169281,0.18181818181818146,0.11000000000000032,0.0419847328244276,7651535.0,0.08044481793035041,19511414.25,-0.5012011144777808,-1.0919650183378506,-1.0,0.19853909424324517,0.05181766104172315,-0.3078880214127646,-0.003921568627450897,-0.015686274509803935,-0.04705882352941163,0.01960784313725501,False,False,False
2026-01-27,2.56,2.59,2.53,2.54,6103413.0,2.55,-0.003921568627450897,17333615.9,0.35211424062996577,0.16666666666667038,0.06000000000000005,0.023529411764705906,6103413.0,0.058685706771662266,15502669.02,-0.20232829098997784,-1.065339944639339,-1.0,0.1775566574398938,0.006959438968905486,-0.3105162018917641,0.0,-0.04330708661417318,-0.015748031496063006,0.007874015748031503,False,False,False
2026-01-28,2.54,2.65,2.53,2.54,9860973.0,2.54,0.0,17401186.65,0.566683939339275,0.08333333333333519,0.1200000000000001,0.04724409448818902,9860973.0,0.0472236616116073,25046871.42,0.6156489819712347,-0.8418234074148893,0.0,-0.0,-0.0,-0.30172015919152795,-0.011811023622047341,-0.04330708661417318,0.02362204724409451,0.007874015748031503,False,False,False
2026-01-29,2.55,2.57,2.51,2.51,3635470.0,2.54,-0.011811023622047341,17105183.55,0.2125361583740503,0.0,0.06000000000000005,0.02362204724409451,3635470.0,0.0,9125029.7,-0.6313274562256685,-0.9703777726436883,-1.0,0.0,0.0,-0.3744351245727297,-0.031872509960159216,-0.003984063745019836,0.01992031872509971,0.0159362549800797,False,False,False
2026-02-01,2.53,2.56,2.42,2.43,4978798.0,2.51,-0.031872509960159216,15875275.2,0.3136196341339645,0.07142857142857302,0.14000000000000012,0.05577689243027894,4978798.0,0.02240140243814082,12098479.14,0.3695060061009994,-0.934672307498125,-1.0,0.06676230767843899,0.0205864042511485,-0.3306681400329479,0.0,0.06995884773662549,0.053497942386831226,0.04115226337448545,False,False,False
2026-02-02,2.43,2.47,2.41,2.43,5902088.0,2.43,0.0,14548464.15,0.4056846096706366,0.3333333333333333,0.06000000000000005,0.024691358024691377,5902088.0,0.1352282032235455,14342073.840000002,0.18544435825675198,-0.9379688409869057,0.0,-0.0,-0.0,-0.2004771563691323,0.02880658436213985,0.053497942386831226,0.049382716049382575,0.01646090534979425,False,False,False
2026-02-03,2.46,2.54,2.43,2.5,10985418.0,2.43,0.02880658436213985,14098346.5,0.7791990358585669,0.6363636363636356,0.10999999999999988,0.0452674897119341,10985418.0,0.4958539319099965,27463545.0,0.8612765516203758,-0.42499305471010335,1.0,-0.2704501257246109,-0.07582167867046252,0.11761758958207641,0.040000000000000036,0.02400000000000002,0.011999999999999922,-0.016000000000000014,False,False,False
2026-02-04,2.53,2.65,2.5,2.6,16503377.0,2.5,0.040000000000000036,14237794.8,1.1591245155464664,0.6666666666666676,0.1499999999999999,0.05999999999999996,16503377.0,0.7727496770309787,42908780.2,0.5022985015226549,0.10606647299211411,1.0,0.07071098199474284,0.02686656422895045,0.3861685843777012,-0.015384615384615398,-0.019230769230769332,-0.049999999999999954,-0.049999999999999954,False,False,False
2026-02-05,2.6,2.61,2.53,2.56,6820941.0,2.6,-0.015384615384615398,13921700.3,0.4899502828688245,0.3750000000000028,0.08000000000000007,0.030769230769230795,6820941.0,0.18373135607581056,17461608.96,-0.586694226278658,-0.7009661466589682,-1.0,0.262862304997115,0.04012429054837192,-0.11499033529364655,0.0,-0.011718750000000097,-0.039062500000000035,-0.019531250000000104,False,False,False
2026-02-08,2.58,2.64,2.56,2.56,4063870.0,2.56,0.0,13400528.1,0.3032619289086077,0.0,0.08000000000000007,0.03125000000000003,4063870.0,0.0,10403507.200000001,-0.4042068389097633,-0.8567073295594881,0.0,-0.0,-0.0,-0.3472786568585702,-0.00390625000000009,-0.035156249999999944,-0.035156249999999944,-0.035156249999999944,False,False,False
2026-02-09,2.56,2.57,2.52,2.55,4140167.0,2.56,-0.00390625000000009,12057495.5,0.3433687368989688,0.5999999999999982,0.04999999999999982,0.01953124999999993,4140167.0,0.20602124213938067,10557425.85,0.01877446867148791,-0.7938318517944621,-1.0,0.47629911107667583,0.01859597658564738,-0.03028714859231857,-0.007843137254901968,-0.03529411764705877,-0.015686274509803935,-0.02352941176470573,False,False,False
2026-02-10,2.56,2.56,2.52,2.53,2447408.0,2.55,-0.007843137254901968,11002945.65,0.22243207208789584,0.24999999999999445,0.040000000000000036,0.015686274509803935,2447408.0,0.055608018021972724,6191942.239999999,-0.40886249274485786,-0.9325068771849032,-1.0,0.2331267192962206,0.018247048454870688,-0.24088027234471487,-0.02371541501976269,-0.02371541501976269,-0.02371541501976269,-0.007905138339920957,False,False,False
2026-02-11,2.53,2.53,2.45,2.47,4782069.0,2.53,-0.02371541501976269,9543799.6,0.5010655294983353,0.2500000000000014,0.07999999999999963,0.03162055335968365,4782069.0,0.1252663823745845,11811710.430000002,0.9539320783457437,-0.3846525869496763,-1.0,0.0961631467374196,0.02238735082368659,-0.05837056973501803,-0.00404858299595151,0.0161943319838055,0.008097165991902841,0.040485829959514025,False,False,False
2026-02-12,2.47,2.49,2.46,2.46,1803284.0,2.47,-0.00404858299595151,8881658.4,0.20303460443828822,0.0,0.03000000000000025,0.01214574898785435,1803284.0,0.0,4436078.64,-0.6229071558775082,-1.1504165683014742,-1.0,0.0,0.0,-0.4089460154969761,0.004065040650406598,0.004065040650406598,0.020325203252032447,0.012195121951219613,False,False,False
2026-02-15,2.46,2.52,2.46,2.47,2850218.0,2.46,0.004065040650406598,8363495.8,0.34079266232189653,0.16666666666667038,0.06000000000000005,0.024390243902439046,2850218.0,0.05679877705365069,7040038.460000001,0.5805707808642455,-0.662203201809075,1.0,-0.11036720030151495,-0.004484001957714109,-0.2065805497611527,0.0161943319838055,0.008097165991902841,0.040485829959514025,-0.00404858299595151,False,False,False
2026-02-16,2.48,2.54,2.43,2.51,3933443.0,2.47,0.0161943319838055,8006933.1,0.4912546353109907,0.7272727272727247,0.10999999999999988,0.044534412955465535,3933443.0,0.35727609840799196,9872941.93,0.38004987688661007,-0.169370014350458,1.0,-0.12317819225487812,-0.019775313470492776,0.2797519352228185,-0.01593625498007952,0.0,-0.007968127490039672,-0.039840637450199064,False,False,False
2026-02-17,2.53,2.55,2.47,2.47,4138308.0,2.51,-0.01593625498007952,7070989.9,0.5852515784246842,0.0,0.07999999999999963,0.031872509960159216,4138308.0,0.0,10221620.760000002,0.052082869892864814,0.3137065456372252,-1.0,-0.0,-0.0,0.15190265733991465,0.008097165991902841,0.040485829959514025,-0.00404858299595151,-0.09311740890688258,False,False,False
2026-02-18,2.48,2.53,2.46,2.49,2829396.0,2.47,0.008097165991902841,6700925.75,0.4222395689132953,0.4285714285714331,0.06999999999999984,0.028340080971659853,2829396.0,0.18095981524855703,7045196.040000001,-0.3162915858365303,-0.2868623042855061,1.0,-0.12294098755093247,-0.009933036963420802,0.07466355009867431,0.008032128514056052,0.0,-0.032128514056224924,-0.08835341365461855,False,False,False
2026-02-19,2.48,2.56,2.48,2.51,8920176.0,2.49,0.008032128514056052,6384513.6,1.3971582737328652,0.3749999999999972,0.08000000000000007,0.032128514056224924,8920176.0,0.5239343526498206,22389641.759999998,2.152678522200498,2.7879595343591546,1.0,1.0454848253846751,0.08379456177438646,0.6837263021828799,0.023904382470119546,-0.019920318725099532,-0.10756972111553768,-0.1115537848605577,False,False,False
2026-02-23,2.5,2.62,2.49,2.57,9959600.0,2.51,0.023904382470119546,6115497.6,1.6285837476250502,0.615384615384613,0.1299999999999999,0.051792828685258925,9959600.0,1.002205383153873,25596172.0,0.11652505511102018,2.718413493538441,1.0,1.6728698421774957,0.39244254934014594,0.8033579021734417,-0.03112840466926056,-0.062256809338521284,-0.11673151750972756,-0.12062256809338524,False,False,False
2026-02-24,2.57,2.6,2.49,2.49,4234109.0,2.57,-0.03112840466926056,5944626.3,0.7122582289150792,0.0,0.10999999999999988,0.042801556420233415,4234109.0,0.0,10542931.41,-0.5748715811879995,0.35704511687378404,-1.0,-0.0,-0.0,0.17130432120240086,-0.012048192771084437,-0.1004016064257028,-0.104417670682731,-0.09638554216867477,False,False,False
2026-02-25,2.5,2.54,2.41,2.46,3975670.0,2.49,-0.012048192771084437,5838239.15,0.6809707341296561,0.3846153846153836,0.1299999999999999,0.05220883534136542,3975670.0,0.2619118208190978,9780148.2,-0.061037398895493755,0.23766690037833008,-1.0,-0.09141034629935747,-0.010960313067826544,0.3089531083457739,-0.020325203252032447,-0.07723577235772355,-0.08130081300813015,-0.06910569105691054,False,False,False
2026-02-26,2.46,2.5,2.39,2.41,4680523.0,2.46,-0.020325203252032447,5579216.65,0.8389211772229709,0.18181818181818218,0.10999999999999988,0.0447154471544715,4680523.0,0.15253112313144956,11280060.430000002,0.17729162631707363,0.6003108739313423,-1.0,-0.10914743162388064,-0.021883912416003164,0.35954446142977775,-0.0705394190871369,-0.07468879668049799,-0.06639004149377599,-0.062240663900415084,False,False,False
2026-03-01,2.27,2.38,2.23,2.24,5393890.0,2.41,-0.0705394190871369,5667137.65,0.9517838339430488,0.06666666666666825,0.1499999999999999,0.0622406639004149,5393890.0,0.06345225559620475,12082313.600000001,0.15241181380798685,0.7998201832884811,-1.0,-0.05332134555256667,-0.032407675377917784,0.36530144873443793,0.013392857142857054,0.008928571428571237,0.02232142857142849,0.017857142857142672,False,False,False
2026-03-02,2.25,2.31,2.21,2.27,3379911.0,2.24,0.013392857142857054,5587193.3,0.6049389771426021,0.6,0.10000000000000009,0.04464285714285718,3379911.0,0.3629633862855613,7672397.97,-0.37338154838159476,-0.12521863876079894,1.0,-0.07513118325647937,-0.01000247907176813,0.2377158731404131,-0.017621145374449355,-0.008810572687224677,-0.004405286343612437,-0.013215859030836918,False,False,False
2026-03-03,2.24,2.31,2.22,2.23,3120366.0,2.27,-0.017621145374449355,5448107.2,0.5727431354507855,0.11111111111110891,0.08999999999999986,0.039647577092510954,3120366.0,0.06363812616119713,6958416.18,-0.07679048353640083,-0.23306781487603742,-1.0,0.025896423875114757,0.004516595500596923,-0.05891314935443104,0.01345291479820619,0.02690582959641258,0.02242152466367705,-0.0044843049327353305,False,False,False
2026-03-04,2.22,2.3,2.22,2.26,3858747.0,2.23,0.01345291479820619,5091773.65,0.757839461304412,0.4999999999999972,0.07999999999999963,0.03587443946188324,3858747.0,0.3789197306522039,8720768.219999999,0.23663281807326442,0.2564573789442785,1.0,0.12822868947213853,0.017147177207493914,0.37548951279969933,-0.004424778761061853,0.0,-0.008849557522123706,-0.017699115044247607,False,False,False
2026-03-05,2.25,2.3,2.24,2.25,3938154.0,2.26,-0.004424778761061853,4463512.5,0.8822993102405337,0.1666666666666642,0.05999999999999961,0.02654867256637151,3938154.0,0.14704988504008676,8860846.5,0.02057844165476519,0.6445984263317502,-1.0,-0.10743307105529011,-0.004750575783613689,0.36734455046840503,0.017777777777777795,0.013333333333333246,-0.013333333333333246,0.008888888888888898,False,False,False
2026-03-08,2.26,2.33,2.26,2.29,5332653.0,2.25,0.017777777777777795,4389098.1,1.214976944807864,0.4285714285714304,0.07000000000000028,0.03111111111111124,5332653.0,0.5207044049176582,12211775.370000001,0.3540996619228196,1.3827717118302052,1.0,0.5926164479272333,0.10425798672925539,0.6550709192202249,-0.013100436681222816,-0.0218340611353711,-0.03056768558951958,-0.01746724890829696,False,False,False
2026-03-09,2.29,2.35,2.26,2.26,6116776.0,2.29,-0.013100436681222816,4491743.4,1.3617821534507069,0.0,0.0900000000000003,0.039301310043668256,6116776.0,0.0,13823913.759999998,0.14704181952210282,1.556125056616426,-1.0,-0.0,-0.0,0.4573952315242408,0.008849557522123902,-0.017699115044247607,0.004424778761062049,0.008849557522123902,False,False,False
2026-03-10,2.26,2.3,2.26,2.28,1878815.0,2.26,0.008849557522123902,4378675.8,0.4290829204573675,0.5,0.040000000000000036,0.017699115044247805,1878815.0,0.21454146022868376,4283698.199999999,-0.6928422750808596,-0.7803754314855365,1.0,-0.3901877157427682,-0.034440027941108495,-0.07646107052758905,-0.01754385964912263,-0.026315789473684043,-0.013157894736842021,0.0,False,False,False
2026-03-11,2.29,2.29,2.22,2.24,2362857.0,2.28,-0.01754385964912263,4374448.25,0.5401497205961917,0.28571428571428664,0.06999999999999984,0.030701754385964845,2362857.0,0.1543284915989124,5292799.680000001,0.25763153902858993,-0.5636679754071218,-1.0,0.1610479929734639,0.027967684567987955,-0.11248978037351051,-0.008928571428571435,0.013392857142857054,0.017857142857142672,0.013392857142857054,False,False,False
2026-03-12,2.23,2.26,2.22,2.22,1520515.0,2.24,-0.008928571428571435,4211370.55,0.3610499199601422,0.0,0.03999999999999959,0.017857142857142672,1520515.0,0.0,3375543.3000000003,-0.3564930082522979,-0.9973866240361235,-1.0,0.0,0.0,-0.38024720938380874,0.0,0.013513513513513424,0.027027027027026848,0.02252252252252244,False,False,False
2026-03-15,2.24,2.24,2.19,2.22,1188054.0,2.22,0.0,4180609.05,0.28418203802146963,0.6000000000000018,0.050000000000000266,0.02252252252252264,1188054.0,0.17050922281288228,2637479.8800000004,-0.21865025994482135,-1.2231722594038892,0.0,-0.0,-0.0,-0.12029372124869514,0.02252252252252244,0.027027027027026848,0.02252252252252244,-0.009009009009009016,False,False,False
2026-03-16,2.2,2.27,2.2,2.27,1921721.0,2.22,0.02252252252252244,4134184.2,0.46483681109322605,1.0,0.06999999999999984,0.03153153153153146,1921721.0,0.46483681109322605,4362306.67,0.6175367449627711,-0.7802813968302867,1.0,-0.7802813968302867,-0.17282659782645762,0.17356590462511756,-0.008810572687224677,0.004405286343612241,0.0,-0.030837004405286274,False,False,False
2026-03-24,2.27,2.3,2.23,2.25,3256803.0,2.27,-0.008810572687224677,4100352.2,0.7942739650510997,0.28571428571428664,0.06999999999999984,0.030837004405286274,3256803.0,0.22693541858602923,7327806.75,0.6947324819783933,0.05380383332480535,-1.0,-0.015372523807087294,-0.0013509136488180687,0.16973313051666122,0.013333333333333246,0.008888888888888898,-0.022222222222222143,-0.013333333333333246,False,False,False
2026-03-25,2.25,2.29,2.25,2.28,2004689.0,2.25,0.013333333333333246,3993671.25,0.5019664550506003,0.7499999999999944,0.040000000000000036,0.017777777777777795,2004689.0,0.37647484128794745,4570690.92,-0.3844610803908004,-0.7158847130530331,1.0,-0.5369135347897709,-0.07116723850704738,0.06782313685664076,0.0,-0.004385964912280609,-0.03508771929824545,-0.03947368421052626,False,False,False
2026-03-26,2.28,2.35,2.27,2.28,5169460.0,2.28,0.0,4110674.45,1.257569788821394,0.12499999999999722,0.08000000000000007,0.03508771929824565,5169460.0,0.15719622360267074,11786368.799999999,1.578684274717924,1.1721275384578378,0.0,0.0,0.0,0.47497650590576573,-0.004385964912280609,-0.03508771929824545,-0.026315789473684043,-0.03947368421052626,False,False,False
2026-03-29,2.28,2.31,2.27,2.27,1704405.0,2.28,-0.004385964912280609,3749885.9,0.4545218295842015,0.0,0.040000000000000036,0.017543859649122823,1704405.0,0.0,3868999.35,-0.6702934155598457,-0.8572776692393438,-1.0,0.0,0.0,-0.3474261994927689,0.0,-0.030837004405286274,-0.03524229074889871,-0.004405286343612437,False,False,False
2026-03-30,2.28,2.28,2.25,2.27,1887354.0,2.27,0.0,3346273.6,0.5640166422733635,0.6666666666666716,0.029999999999999805,0.013215859030836918,1887354.0,0.37601109484891176,4284293.58,0.10733892472739748,-0.48945295496327706,0.0,-0.0,-0.0,0.10644226231139875,-0.030837004405286274,-0.022026431718061595,-0.03524229074889871,0.017621145374449355,False,False,False
2026-03-31,2.25,2.25,2.18,2.2,5720674.0,2.27,-0.030837004405286274,3420601.85,1.6724173846774946,0.28571428571428664,0.06999999999999984,0.030837004405286274,5720674.0,0.4778335384792857,12585482.8,2.0310551173759666,2.4666102465195956,-1.0,-0.7047457847198867,-0.21068624702479244,0.6357053910281224,0.0,-0.00454545454545465,0.027272727272727094,0.09090909090909079,False,False,False
2026-04-02,2.18,2.24,2.12,2.2,4701912.0,2.2,0.0,3456913.95,1.360147249253919,0.6666666666666666,0.1200000000000001,0.05454545454545459,4701912.0,0.906764832835946,10344206.4,-0.17808426070074956,1.4420248500506954,0.0,0.0,0.0,0.7803856341008719,0.009090909090909097,-0.00454545454545465,0.04999999999999994,0.08636363636363634,False,False,False
2026-04-05,2.2,2.23,2.15,2.22,5367640.0,2.2,0.009090909090909097,3491269.8,1.5374463468850217,0.8750000000000028,0.08000000000000007,0.03636363636363639,5367640.0,1.3452655535243982,11916160.8,0.14158665666222592,1.6612800796322116,1.0,1.4536200696781898,0.13178443640324955,0.9026946996860081,-0.013513513513513624,0.018018018018017834,0.08108108108108095,0.07657657657657654,True,False,False
2026-04-06,2.23,2.26,2.19,2.19,3687405.0,2.22,-0.013513513513513624,3405945.55,1.0826376833886848,0.0,0.06999999999999984,0.03153153153153146,3687405.0,0.0,8075416.95,-0.3130304938483207,0.5763135078331054,-1.0,-0.0,-0.0,0.25999042491407187,0.0,0.05479452054794526,0.09132420091324209,0.08219178082191789,False,False,False
2026-04-07,2.21,2.3,2.16,2.19,14543773.0,2.19,0.0,3964138.65,3.668835599380461,0.21428571428571339,0.13999999999999968,0.06392694063926926,14543773.0,0.7861790570100955,31850862.87,2.94417564655903,3.520193331857506,0.0,0.0,0.0,0.6062678356146968,0.03196347031963463,0.09589041095890409,0.09132420091324209,0.08219178082191789,False,False,False
2026-04-08,2.24,2.28,2.22,2.26,5630619.0,2.19,0.03196347031963463,4089651.3,1.3767968432907716,0.6666666666666642,0.05999999999999961,0.027397260273972424,5630619.0,0.9178645621938443,12725198.94,-0.6128501868119092,0.45870063891012297,1.0,0.30580042594008083,0.09454633001124109,0.5478456357034704,0.022123893805309856,0.05752212389380546,0.04867256637168156,0.05752212389380546,False,False,False
2026-04-09,2.27,2.36,2.27,2.31,13309534.0,2.26,0.022123893805309856,4562190.65,2.917355941711905,0.44444444444444553,0.08999999999999986,0.039823008849557466,13309534.0,1.2966026407608497,30745023.54,1.3637781210200868,2.058261258205726,1.0,0.9147827814247693,0.1991469315115746,0.7061825832168231,0.0389610389610389,0.03463203463203466,0.025974025974025997,0.01731601731601733,False,False,False
2026-04-12,2.31,2.53,2.31,2.4,25853834.0,2.31,0.0389610389610389,5657974.65,4.569450306745365,0.4090909090909089,0.21999999999999975,0.09523809523809512,25853834.0,1.869320580032194,62049201.599999994,0.9425048239855731,2.817120110729034,1.0,1.1524582271164225,0.4275900063642775,0.7009847870153979,-0.004166666666666578,-0.01249999999999992,-0.004166666666666578,-0.016666666666666684,False,False,False
2026-04-13,2.41,2.41,2.32,2.39,10000537.0,2.4,-0.004166666666666578,5891368.85,1.6974895401431198,0.7777777777777783,0.0900000000000003,0.03750000000000013,10000537.0,1.3202696423335385,23901283.43,-0.6131894016183441,0.3051096496830326,-1.0,-0.23730750530902553,-0.009882094578265667,0.5368797144965345,0.0,-0.00836820083682009,-0.01673640167364018,-0.01673640167364018,False,False,False
2026-04-14,2.38,2.43,2.37,2.39,4120122.0,2.39,0.0,5791536.15,0.7114040028913572,0.3333333333333333,0.06000000000000005,0.02510460251046027,4120122.0,0.23713466763045238,9847091.58,-0.5880099238670884,-0.5159716633145657,0.0,-0.0,-0.0,-0.0706258100700704,-0.00836820083682009,0.0,-0.01255230125523023,-0.03347280334728036,False,False,False
2026-04-15,2.4,2.4,2.36,2.37,4499534.0,2.39,-0.00836820083682009,5922572.1,0.7597263357925182,0.25000000000000555,0.040000000000000036,0.01673640167364018,4499534.0,0.18993158394813378,10663895.58,0.09208756439736487,-0.49329150292791657,-1.0,0.12332287573198188,0.01029588420875896,-0.10341247394813832,0.0,-0.008438818565400852,-0.008438818565400852,-0.04219409282700425,False,False,False
2026-04-16,2.37,2.39,2.36,2.37,3856893.0,2.37,0.0,5997273.9,0.6431076959816693,0.33333333333333826,0.03000000000000025,0.01265822784810137,3856893.0,0.21436923199389293,9140836.41,-0.1428239013195589,-0.6006520009073191,0.0,-0.0,-0.0,-0.10209001027383968,0.008438818565400852,-0.00421940928270052,-0.025316455696202552,-0.025316455696202552,False,False,False
2026-04-19,2.38,2.42,2.36,2.39,3859064.0,2.37,0.008438818565400852,6114201.35,0.6311640358392843,0.5000000000000037,0.06000000000000005,0.025316455696202552,3859064.0,0.31558201791964446,9223162.96,0.0005628883145059049,-0.6285093890786969,1.0,-0.31425469453935073,-0.02645661089911386,-0.028512480166574927,-0.01673640167364018,-0.01673640167364018,-0.05020920502092054,-0.046025104602510594,False,False,False
2026-04-20,2.39,2.39,2.35,2.35,1630841.0,2.39,-0.01673640167364018,6136340.7,0.2657676748619906,0.0,0.040000000000000036,0.01673640167364018,1630841.0,0.0,3832476.35,-0.577399856545525,-0.9475553243901759,-1.0,0.0,0.0,-0.3693371460909357,0.004255319148936079,-0.017021276595744695,-0.017021276595744695,-0.025531914893617044,False,False,False
2026-04-21,2.36,2.37,2.34,2.36,1652256.0,2.35,0.004255319148936079,6122867.45,0.26985003570508453,0.6666666666666617,0.03000000000000025,0.012765957446808616,1652256.0,0.17990002380338835,3899324.1599999997,0.013131261723245968,-0.9283208745708742,1.0,-0.6188805830472449,-0.026319459678191368,-0.03157170282877625,-0.00423728813559313,-0.03813559322033892,-0.0338983050847458,-0.021186440677966028,False,False,False
2026-04-22,2.38,2.38,2.33,2.35,1624439.0,2.36,-0.00423728813559313,6041249.25,0.26889123967199335,0.4000000000000018,0.04999999999999982,0.021186440677966028,1624439.0,0.10755649586879783,3817431.6500000004,-0.016835768791276906,-0.891635726596399,-1.0,0.3566542906385612,0.015103431816124427,-0.15610035422050744,-0.017021276595744695,-0.017021276595744695,-0.025531914893617044,-0.004255319148936268,False,False,False
2026-04-23,2.37,2.37,2.31,2.31,2103031.0,2.35,-0.017021276595744695,6046166.35,0.347828835374336,0.0,0.06000000000000005,0.025531914893617044,2103031.0,0.0,4858001.61,0.29461986568901644,-0.8132171386890947,-1.0,0.0,0.0,-0.33568058482272933,-0.01731601731601733,-0.012987012987013094,0.0,0.008658008658008665,False,False,False
2026-04-26,2.3,2.33,2.25,2.27,2353134.0,2.31,-0.01731601731601733,5905350.05,0.39847493883956975,0.25,0.08000000000000007,0.03463203463203466,2353134.0,0.09961873470989244,5341614.18,0.11892501822369717,-0.7228469783312444,-1.0,0.1807117445828111,0.03098302463447264,-0.18433484495665575,0.017621145374449355,0.008810572687224677,0.030837004405286274,0.017621145374449355,False,False,False
2026-04-27,2.25,2.38,2.23,2.31,5941936.0,2.27,0.017621145374449355,6117226.6,0.9713447594045315,0.5333333333333341,0.1499999999999999,0.06607929515418498,5941936.0,0.5180505383490842,13725872.16,1.5251158667547196,-0.2666766869156564,1.0,-0.14222756635501693,-0.024805911015274237,0.13640177367828427,-0.012987012987013094,0.0,0.008658008658008665,0.004329004329004236,False,False,False
2026-04-28,2.31,2.32,2.28,2.28,1798179.0,2.31,-0.012987012987013094,6112767.85,0.29416772305527683,0.0,0.040000000000000036,0.01731601731601733,1798179.0,0.0,4099848.1199999996,-0.6973748959934944,-0.8225716976147639,-1.0,0.0,0.0,-0.3382335856158221,0.004385964912280803,0.026315789473684237,0.013157894736842216,0.03070175438596504,False,False,False
2026-04-29,2.28,2.31,2.27,2.29,1857471.0,2.28,0.004385964912280803,5919607.7,0.31378278665324394,0.5,0.040000000000000036,0.017543859649122823,1857471.0,0.15689139332662197,4253608.59,0.032973358047224455,-0.739824482012737,1.0,-0.3699122410063685,-0.016213825752820033,-0.06451955294205813,0.00873362445414848,0.01746724890829696,0.013100436681222622,0.0218340611353711,False,False,False
2026-04-30,2.3,2.32,2.28,2.31,2736471.0,2.29,0.00873362445414848,5821335.65,0.470076141374875,0.7500000000000056,0.040000000000000036,0.01746724890829696,2736471.0,0.35255710603115886,6321248.01,0.47322407725342686,-0.5681209489881234,1.0,-0.4260907117410957,-0.037118834437155475,0.11801102106420175,0.012987012987012903,0.0,0.01731601731601733,0.01731601731601733,False,False,False
2026-05-03,2.32,2.35,2.3,2.34,2885320.0,2.31,0.012987012987012903,5697219.65,0.5064435246059014,0.7999999999999965,0.050000000000000266,0.02164502164502176,2885320.0,0.40515481968471934,6751648.8,0.05439451030177178,-0.4936691436855018,1.0,-0.39493531494839973,-0.05100387450634857,0.17143813619452966,-0.004273504273504183,-0.008547008547008555,0.0,0.004273504273504373,False,False,False
2026-05-04,2.34,2.36,2.31,2.33,2755738.0,2.34,-0.004273504273504183,5650636.3,0.4876863159640977,0.4000000000000018,0.04999999999999982,0.02136752136752129,2755738.0,0.19507452638563996,6420869.54,-0.04491078979108032,-0.4815361137470492,-1.0,0.19261444549882054,0.008226379268119704,-0.023736494410981773,-0.00858369098712447,0.00858369098712447,0.00858369098712447,0.01287553648068661,False,False,False
2026-05-05,2.31,2.33,2.29,2.31,2454197.0,2.33,-0.00858369098712447,5046157.5,0.4863496630852287,0.5,0.040000000000000036,0.01716738197424894,2454197.0,0.24317483154261435,5669195.07,-0.1094229567542343,-0.4048528536308043,-1.0,0.20242642681540216,0.01733310987578171,0.05795321124212596,0.004329004329004236,0.012987012987012903,0.01731601731601733,0.03463203463203466,False,False,False
2026-05-06,2.3,2.34,2.29,2.32,2127622.0,2.31,0.004329004329004236,4871007.65,0.43679299087120094,0.5999999999999982,0.04999999999999982,0.021645021645021568,2127622.0,0.2620757945227198,4936083.04,-0.13306796479663208,-0.40743587501295875,1.0,-0.24446152500777452,-0.010576144162698416,0.10685332804487899,0.012931034482758728,0.012931034482758728,0.017241379310344845,0.038793103448275995,False,False,False
2026-05-07,2.32,2.36,2.28,2.35,3275947.0,2.32,0.012931034482758728,4369328.3,0.7497598658356709,0.8750000000000028,0.08000000000000007,0.03448275862068969,3275947.0,0.6560398826062142,7698475.45,0.5397222814954912,-0.014895045638089986,1.0,-0.013033164933328779,-0.0016759919358444557,0.4300530279071395,-0.004255319148936268,0.0,0.017021276595744695,0.029787234042553123,False,False,False
2026-05-10,2.35,2.36,2.33,2.34,863501.0,2.35,-0.004255319148936268,3119811.65,0.276779849834845,0.3333333333333284,0.029999999999999805,0.012765957446808427,863501.0,0.09225994994494696,2020592.3399999999,-0.7364117917658619,-0.8109227131584488,-1.0,0.2703075710528122,0.011495512077637035,-0.16838281276538963,0.004273504273504373,0.008547008547008555,0.029914529914530037,0.025641025641025664,False,False,False
2026-05-11,2.34,2.36,2.31,2.35,1639083.0,2.34,0.004273504273504373,2701738.95,0.6066770440571247,0.8000000000000036,0.04999999999999982,0.02136752136752129,1639083.0,0.485341635245702,3851845.0500000003,0.8981830941712865,0.554977268388252,1.0,0.4439818147106036,0.01896203987452229,0.6521206355922373,0.0,0.017021276595744695,0.029787234042553123,-0.008510638297872348,False,False,False
2026-05-12,2.35,2.37,2.33,2.35,2270821.0,2.35,0.0,2609273.9,0.8702884737397634,0.5,0.040000000000000036,0.017021276595744695,2270821.0,0.4351442368698817,5336429.350000001,0.3854216046411316,1.7226782859372487,0.0,0.0,0.0,0.7190923615665683,0.004255319148936079,0.025531914893617044,0.021276595744680774,-0.012765957446808616,False,False,False
2026-05-13,2.34,2.36,2.34,2.36,744486.0,2.35,0.004255319148936079,2421521.5,0.307445546116357,1.0,0.020000000000000018,0.008510638297872348,744486.0,0.307445546116357,1756986.96,-0.6721511735183002,-0.8278489760293775,1.0,-0.8278489760293775,-0.03520636830607091,0.16034034133328606,0.012711864406779768,0.025423728813559344,-0.012711864406779579,-0.012711864406779579,False,False,False
2026-05-14,2.35,2.48,2.34,2.39,12407532.0,2.36,0.012711864406779768,2849053.45,4.354966383659808,0.3571428571428587,0.14000000000000012,0.05932203389830514,12407532.0,1.555345137021367,29654001.48,15.665903724180172,4.134823188522095,1.0,1.476722567329326,0.18671433721826983,0.6783153183157873,0.00836820083682009,0.004184100418409952,-0.02928870292887041,-0.00836820083682009,False,False,False
2026-05-17,2.4,2.45,2.36,2.41,3485455.0,2.39,0.00836820083682009,2830373.0,1.2314472332798538,0.5555555555555567,0.0900000000000003,0.0376569037656905,3485455.0,0.6841373518221424,8399946.55,-0.7190855522274695,0.5945253518337698,1.0,0.33029186212987277,0.02757514976357824,0.5443490181228549,0.004149377593360907,-0.033195020746887995,-0.033195020746887995,-0.024896265560165994,False,False,False
2026-05-18,2.41,2.44,2.39,2.42,3116148.0,2.41,0.004149377593360907,2904638.35,1.0728178948680478,0.5999999999999982,0.04999999999999982,0.020746887966804906,3116148.0,0.6436907369208268,7541078.16,-0.10595661111676957,0.3746106742338568,1.0,0.2247664045403134,0.009321057982242318,0.4790090112387131,-0.008264462809917363,-0.04132231404958681,-0.020661157024793316,-0.04132231404958681,False,False,False
2026-05-19,2.42,2.44,2.37,2.4,2606715.0,2.42,-0.008264462809917363,2952361.3,0.8829254739248886,0.42857142857142677,0.06999999999999984,0.02892561983471068,2606715.0,0.37839663168209353,6256116.0,-0.16348164464588977,0.1301629251414428,-1.0,-0.05578411077490382,-0.004599789460614302,0.27900210561804323,-0.0291666666666666,-0.0291666666666666,-0.02083333333333326,-0.0291666666666666,False,False,False
2026-05-20,2.39,2.41,2.3,2.33,3660161.0,2.4,-0.0291666666666666,3054147.4,1.1984231671333219,0.2727272727272742,0.11000000000000032,0.04583333333333347,3660161.0,0.3268426819454532,8528175.13,0.4041278006993476,0.4330676981494622,-1.0,-0.11810937222258125,-0.03350386005043854,0.340304554929633,-0.004291845493562331,0.01716738197424894,-0.004291845493562331,0.00429184549356214,False,False,False
2026-05-21,2.32,2.34,2.29,2.32,1558528.0,2.33,-0.004291845493562331,3026922.25,0.5148886794168566,0.5999999999999982,0.04999999999999982,0.021459227467811082,1558528.0,0.308933207650113,3615784.96,-0.5741914085200077,-0.34628909890837706,-1.0,0.2077734593450256,0.008911844669409452,0.13345978593107663,0.004310344827586307,0.012931034482758728,0.004310344827586307,0.012931034482758728,False,False,False
2026-05-31,2.34,2.34,2.3,2.33,1475015.0,2.32,0.004310344827586307,2983016.3,0.4944709822738817,0.7500000000000056,0.040000000000000036,0.017241379310344845,1475015.0,0.37085323670541404,3436784.95,-0.05358453617772663,-0.3756774227943805,1.0,-0.28175806709578743,-0.01213722858720837,0.19552615844725277,0.01716738197424894,-0.004291845493562331,0.00429184549356214,0.01716738197424894,False,False,False
2026-06-01,2.34,2.39,2.34,2.37,2237889.0,2.33,0.01716738197424894,2797813.95,0.7998705560818294,0.6000000000000018,0.050000000000000266,0.021459227467811273,2237889.0,0.4799223336490991,5303796.930000001,0.5171974522292995,-0.02031231184164678,1.0,-0.012187387104988104,-0.0020719405030960856,0.2898452406248632,-0.008438818565400852,-0.016877637130801704,-0.008438818565400852,-0.008438818565400852,False,False,False
2026-06-02,2.37,2.39,2.35,2.35,811888.0,2.37,-0.008438818565400852,2748499.4,0.2953931880065173,0.0,0.040000000000000036,0.016877637130801704,811888.0,0.0,1907936.8,-0.637208101027352,-0.5918349220471933,-1.0,0.0,0.0,-0.2656070098012612,-0.012765957446808616,-0.004255319148936268,0.008510638297872348,0.0,False,False,False
2026-06-03,2.35,2.36,2.31,2.32,1754406.0,2.35,-0.012765957446808616,2743346.15,0.6395131726267937,0.19999999999999646,0.04999999999999982,0.021276595744680774,1754406.0,0.1279026345253565,4070221.92,1.1608965768677453,-0.22219213387851497,-1.0,0.04443842677570221,0.00564237271481626,-0.00930321670844643,0.004310344827586307,0.012931034482758728,0.012931034482758728,0.012931034482758728,False,False,False
2026-06-04,2.32,2.36,2.32,2.33,1352070.0,2.32,0.004310344827586307,2674126.1,0.505611908129538,0.25000000000000555,0.040000000000000036,0.017241379310344845,1352070.0,0.12640297703238731,3150323.1,-0.22932890106394987,-0.3773973851581259,1.0,-0.09434934628953356,-0.004064265469923327,-0.05522255682397592,0.00429184549356214,0.01716738197424894,0.00858369098712447,0.01287553648068661,False,False,False
2026-06-07,2.34,2.38,2.33,2.34,1880805.0,2.33,0.00429184549356214,2623900.35,0.7167974195361496,0.19999999999999646,0.04999999999999982,0.021459227467811082,1880805.0,0.1433594839072274,4401083.7,0.3910559364529942,-0.1486211983520179,1.0,-0.029724239670403052,-0.0012749357290097055,0.026231740220567165,0.004273504273504373,0.004273504273504373,0.004273504273504373,0.0,False,False,False
2026-06-08,2.34,2.36,2.33,2.35,1373365.0,2.34,0.004273504273504373,2554781.7,0.5375664777933864,0.6666666666666716,0.029999999999999805,0.012820512820512739,1373365.0,0.3583776518622603,3227407.75,-0.2697993678238839,-0.35735401846800213,1.0,-0.2382360123120032,-0.010174832876774351,0.16189270530371105,0.008510638297872348,0.0,0.004255319148936079,0.0,False,False,False
2026-06-09,2.36,2.39,2.35,2.37,1409627.0,2.35,0.008510638297872348,2502553.2,0.5632755379585936,0.5,0.040000000000000036,0.017021276595744695,1409627.0,0.2816377689792968,3340815.99,0.02640376010747314,-0.3328419581800795,1.0,-0.16642097909003975,-0.014129390530599835,0.08946395676785218,-0.008438818565400852,-0.008438818565400852,-0.01265822784810137,-0.008438818565400852,False,False,False
2026-06-10,2.38,2.38,2.34,2.35,928973.0,2.37,-0.008438818565400852,2442620.75,0.38031814803833136,0.25000000000000555,0.040000000000000036,0.016877637130801704,928973.0,0.09507953700958495,2183086.5500000003,-0.3409795640974528,-0.5389999034629205,-1.0,0.13474997586573312,0.011344389573465145,-0.1211152787792564,0.0,0.004255319148936079,0.0,-0.004255319148936268,False,False,False
2026-06-11,2.36,2.37,2.34,2.35,1244918.0,2.35,0.0,2341069.3,0.5317732371271539,0.33333333333333826,0.03000000000000025,0.012765957446808616,1244918.0,0.1772577457090539,2925557.3000000003,0.34010138077209984,-0.3515883845896139,0.0,-0.0,-0.0,-0.002225059413833247,0.0,-0.004255319148936268,0.0,-0.004255319148936268,False,False,False
2026-06-14,2.36,2.38,2.34,2.35,739052.0,2.35,0.0,2334846.85,0.3165312534310334,0.25000000000000555,0.040000000000000036,0.017021276595744695,739052.0,0.07913281335776011,1736772.2,-0.4063448355634668,-0.6010291331857507,0.0,-0.0,-0.0,-0.14389073525477997,0.004255319148936079,0.0,-0.004255319148936268,-0.004255319148936268,False,False,False
2026-06-15,2.35,2.37,2.34,2.36,775676.0,2.35,0.004255319148936079,2291676.5,0.3384753476330538,0.6666666666666617,0.03000000000000025,0.012765957446808616,775676.0,0.22565023175536755,1830595.3599999999,0.049555376346995805,-0.5567969560953511,1.0,-0.3711979707302313,-0.015786131106515857,0.0805348128614517,-0.00847457627118645,-0.00423728813559313,-0.00847457627118645,-0.00847457627118645,False,False,False
2026-06-16,2.36,2.37,2.34,2.34,984849.0,2.36,-0.00847457627118645,2227377.9,0.44215622324348286,0.0,0.03000000000000025,0.012711864406779768,984849.0,0.0,2304546.6599999997,0.26966542731759136,-0.41248389557839416,-1.0,0.0,0.0,-0.1952898455645343,0.004273504273504373,0.0,0.0,0.004273504273504373,False,False,False
2026-06-17,2.36,2.41,2.34,2.35,4746151.0,2.34,0.004273504273504373,2427461.15,1.955191332310303,0.14285714285714557,0.07000000000000028,0.029914529914530037,4746151.0,0.27931304747290575,11153454.85,3.8191661868976867,1.1719115637191952,1.0,0.16741593767417393,0.007150175031104505,0.4838705743493592,0.0,-0.004255319148936268,-0.004255319148936268,-0.004255319148936268,False,False,False
2026-06-18,2.36,2.39,2.34,2.35,2057589.0,2.35,0.0,1909964.0,1.0772920327294127,0.20000000000000356,0.050000000000000266,0.021276595744680965,2057589.0,0.21545840654588638,4835334.15,-0.5664720738973539,0.8563110899731783,0.0,0.0,0.0,0.44717608378361895,-0.004255319148936268,-0.004255319148936268,0.0,0.008510638297872348,False,False,False
2026-06-21,2.35,2.37,2.34,2.34,979899.0,2.35,-0.004255319148936268,1784686.2,0.5490595489560014,0.0,0.03000000000000025,0.012765957446808616,979899.0,0.0,2292963.6599999997,-0.5237634921259785,-0.3579520325320751,-1.0,0.0,0.0,-0.17170442741281722,0.0,0.0,0.0,0.029914529914530037,False,False,False
2026-06-22,2.36,2.39,2.33,2.34,2657368.0,2.34,0.0,1761747.2,1.5083707810064917,0.16666666666666297,0.06000000000000005,0.025641025641025664,2657368.0,0.251395130167743,6218241.119999999,1.7118794896208689,1.8586501136339224,0.0,0.0,0.0,0.5596103081193997,0.0,0.004273504273504373,0.012820512820512928,0.021367521367521482,False,False,False
2026-06-23,2.35,2.36,2.33,2.34,1705831.0,2.34,0.0,1716703.0,0.9936669301562355,0.3333333333333284,0.029999999999999805,0.012820512820512739,1705831.0,0.3312223100520736,3991644.5399999996,-0.3580749824638515,0.639339044191626,0.0,0.0,0.0,0.44889134047229573,0.0,0.0,0.029914529914530037,0.03418803418803422,False,False,False
2026-06-24,2.34,2.36,2.33,2.34,1681381.0,2.34,0.0,1617764.0,1.039324029957398,0.3333333333333284,0.029999999999999805,0.012820512820512739,1681381.0,0.3464413433191275,3934431.5399999996,-0.014333190099136472,0.7779610790154852,0.0,0.0,0.0,0.4924340969317274,0.004273504273504373,0.012820512820512928,0.021367521367521482,0.076923076923077,False,False,False
2026-06-25,2.34,2.37,2.33,2.35,3445253.0,2.34,0.004273504273504373,1712100.25,2.0122963009905526,0.5,0.040000000000000036,0.01709401709401711,3445253.0,1.0061481504952763,8096344.550000001,1.0490614560292997,2.4045301178429503,1.0,1.2022650589214752,0.051347594049260134,0.7419104540918862,-0.004255319148936268,0.025531914893617044,0.029787234042553123,0.025531914893617044,False,False,False
2026-06-28,2.34,2.37,2.33,2.34,1195799.0,2.35,-0.004255319148936268,1698139.45,0.70418186209619,0.24999999999999445,0.040000000000000036,0.017021276595744695,1195799.0,0.1760454655240436,2798169.6599999997,-0.6529140240208775,-0.18002303627831664,-1.0,0.04500575906957816,0.0019139835592931896,0.03594841312032092,0.012820512820512928,0.021367521367521482,0.076923076923077,-0.012820512820512739,False,False,False
2026-06-29,2.34,2.38,2.33,2.37,3596324.0,2.34,0.012820512820512928,1766061.2,2.0363529870878767,0.8000000000000036,0.04999999999999982,0.02136752136752129,3596324.0,1.6290823896703086,8523287.88,2.007465301442801,2.042201140044263,1.0,1.6337609120354175,0.2083164409975155,0.8834454678675547,0.016877637130801704,0.021097046413502032,0.016877637130801704,-0.037974683544303924,True,False,False
2026-06-30,2.4,2.44,2.35,2.41,13691419.0,2.37,0.016877637130801704,2410037.75,5.6809977354089165,0.6666666666666683,0.08999999999999986,0.037974683544303736,13691419.0,3.7873318236059537,32996319.790000003,2.807059375072991,3.7627163161639334,1.0,2.508477544109295,0.4193970396508858,0.8327944285636891,-0.008298755186721999,0.0456431535269709,-0.04149377593360999,-0.06639004149377599,False,False,False
2026-07-01,2.42,2.47,2.36,2.39,10839010.0,2.41,-0.008298755186721999,2864267.95,3.784216487148138,0.2727272727272742,0.11000000000000032,0.045643153526971084,10839010.0,1.0320590419494977,25905233.900000002,-0.2083355275300537,1.8645972011825742,-1.0,-0.5085265094134321,-0.042104756867750226,0.6129145281907994,0.012552301255230044,0.00836820083682009,-0.046025104602510594,0.02510460251046027,False,False,False
2026-07-02,2.4,2.45,2.37,2.42,7885550.0,2.39,0.012552301255230044,3190941.95,2.471229537723179,0.6249999999999972,0.08000000000000007,0.03347280334728036,7885550.0,1.54451846107698,19083031.0,-0.272484295152417,0.8050733135907262,1.0,0.5031708209942016,0.06282988028509949,0.6459317426849589,0.04132231404958681,-0.04545454545454541,-0.0702479338842975,-0.03305785123966945,False,False,False
2026-07-05,2.47,2.55,2.46,2.52,14025972.0,2.42,0.04132231404958681,3798200.3,3.692794189922001,0.6666666666666683,0.08999999999999986,0.037190082644628045,14025972.0,2.46186279328134,35345449.44,0.7786929256678354,1.5045012146574956,1.0,1.0030008097716663,0.3923799161763022,0.7863125068379815,-0.0436507936507936,-0.09523809523809532,-0.027777777777777714,-0.07539682539682538,False,False,False
2026-07-06,2.52,2.52,2.38,2.41,5368339.0,2.52,-0.0436507936507936,3997949.0,1.3427732569875204,0.21428571428571588,0.14000000000000012,0.0555555555555556,5368339.0,0.28773712649732797,12937696.99,-0.6172572567519741,-0.16085473762735308,-1.0,0.034468872348718774,0.01415794114975245,0.027402049362362887,-0.04149377593360999,-0.06639004149377599,-0.029045643153527086,-0.029045643153527086,False,False,False
2026-07-07,2.44,2.44,2.31,2.31,7202285.0,2.41,-0.04149377593360999,4287581.9,1.679801148521501,0.0,0.1299999999999999,0.0539419087136929,7202285.0,0.0,16637278.35,0.3416226136240652,0.03785599801669644,-1.0,-0.0,-0.0,0.018918962430957306,-0.012987012987013094,0.060606060606060656,0.008658008658008665,0.01731601731601733,False,False,False
2026-07-08,2.3,2.3,2.24,2.28,3954362.0,2.31,-0.012987012987013094,4438851.35,0.8908525400383143,0.6666666666666642,0.05999999999999961,0.025974025974025806,3954362.0,0.593901693358874,9015945.36,-0.45095730035676174,-0.5519841877427857,-1.0,0.3679894584951891,0.047523955063882586,0.08233041238559546,-0.013157894736842021,0.026315789473684237,0.026315789473684237,0.008771929824561412,False,False,False
2026-07-09,2.29,2.29,2.25,2.25,1506689.0,2.28,-0.013157894736842021,4451939.9,0.3384342632298338,0.0,0.040000000000000036,0.017543859649122823,1506689.0,0.0,3390050.25,-0.6189805081072497,-0.9393286118646547,-1.0,0.0,0.0,-0.36745681626242555,0.08888888888888896,0.03555555555555559,0.04444444444444448,0.03999999999999994,False,False,False
2026-07-12,2.26,2.47,2.26,2.45,12835399.0,2.25,0.08888888888888896,5056757.25,2.5382667914304173,0.9047619047619049,0.2100000000000004,0.09333333333333352,12835399.0,2.296527097008473,31446727.55,7.51894385636319,0.5744966240187325,1.0,0.5197826598264723,0.36948464444870915,0.7117079339325463,-0.0448979591836736,-0.0448979591836736,-0.061224489795918505,-0.053061224489796055,True,True,False
2026-07-13,2.45,2.45,2.34,2.34,7811478.0,2.45,-0.0448979591836736,5408547.35,1.4442839258863105,0.0,0.11000000000000032,0.0448979591836736,7811478.0,0.0,18278858.52,-0.39141136165693013,-0.27489424991455436,-1.0,0.0,0.0,-0.13408651996266266,-0.004273504273504183,0.004273504273504373,0.0,-0.004273504273504183,False,False,False
2026-07-14,2.35,2.37,2.3,2.33,4190890.0,2.34,-0.004273504273504183,5568849.4,0.7525594066163829,0.4285714285714304,0.07000000000000028,0.029914529914530037,4190890.0,0.32252545997845117,9764773.700000001,-0.46349589667922,-0.817144323186834,-1.0,0.3502047099372161,0.014956909166208045,-0.1224705793590537,0.00429184549356214,-0.012875536480686801,-0.004291845493562331,0.0,False,False,False
2026-07-15,2.34,2.43,2.33,2.34,3872906.0,2.33,0.00429184549356214,5525187.15,0.7009547178867959,0.09999999999999779,0.10000000000000009,0.04291845493562235,3872906.0,0.07009547178867803,9062600.04,-0.07587505279308215,-0.7946256070891613,1.0,-0.07946256070891437,-0.0034083178876825413,-0.28051072806628885,0.004273504273504373,0.0,-0.004273504273504183,-0.01709401709401711,False,False,False
2026-07-16,2.35,2.37,2.33,2.35,1908414.0,2.34,0.004273504273504373,5517728.4,0.3458695067339668,0.5,0.040000000000000036,0.01709401709401711,1908414.0,0.1729347533669834,4484772.9,-0.5072397832531954,-1.0109046952367404,1.0,-0.5054523476183702,-0.021587387709692006,-0.13306797438130624,-0.021276595744680965,-0.012765957446808616,-0.008510638297872348,-0.012765957446808616,False,False,False
2026-07-19,2.34,2.35,2.3,2.3,2108966.0,2.35,-0.021276595744680965,5574181.75,0.37834539571660003,0.0,0.050000000000000266,0.021276595744680965,2108966.0,0.0,4850621.8,0.1050883089308714,-0.9749526749750431,-1.0,0.0,0.0,-0.3754363208214988,0.017391304347826105,0.013043478260869674,0.0,0.0,False,False,False
2026-07-20,2.3,2.37,2.3,2.34,5505159.0,2.3,0.017391304347826105,5716571.3,0.9630176396120521,0.5714285714285696,0.07000000000000028,0.03043478260869578,5505159.0,0.5502957940640281,12882072.059999999,1.6103592945547724,-0.5254705781428498,1.0,-0.3002689017959132,-0.05170048663338144,0.044758699650705586,-0.008547008547008555,-0.004273504273504183,-0.008547008547008555,-0.01709401709401711,False,False,False
2026-07-21,2.34,2.36,2.3,2.32,2231038.0,2.34,-0.008547008547008555,5742831.65,0.3884909285125918,0.3333333333333333,0.06000000000000005,0.025641025641025664,2231038.0,0.12949697617086392,5176008.159999999,-0.5947368640942069,-0.9044381998674158,-1.0,0.30147939995580525,0.025704907931760963,-0.1925593555061292,0.004310344827586307,-0.008620689655172422,-0.008620689655172422,-0.004310344827586115,False,False,False
2026-07-22,2.32,2.35,2.3,2.33,913666.0,2.32,0.004310344827586307,5704445.9,0.16016735297638635,0.6000000000000018,0.050000000000000266,0.02155172413793115,913666.0,0.09610041178583209,2128841.7800000003,-0.5904749269174259,-1.011353817464271,1.0,-0.6068122904785644,-0.02613951591512723,-0.0831606942298369,0.0,-0.004291845493562331,-0.012875536480686801,-0.004291845493562331,False,False,False
2026-07-23,2.33,2.35,2.31,2.33,875126.0,2.33,0.0,5575939.55,0.15694682342817007,0.5,0.040000000000000036,0.01716738197424894,875126.0,0.07847341171408503,2039043.58,-0.0421817162945759,-0.9281499024539317,0.0,-0.0,-0.0,-0.11486507693686321,-0.012875536480686801,-0.012875536480686801,-0.00858369098712447,0.08154506437768237,False,False,False
2026-07-26,2.34,2.35,2.3,2.3,1526785.0,2.33,-0.012875536480686801,5592488.85,0.27300635565862597,0.0,0.050000000000000266,0.021459227467811273,1526785.0,0.0,3511605.4999999995,0.744645913845549,-0.8258035713720506,-1.0,0.0,0.0,-0.3391081420703,0.008695652173913052,0.0,0.008695652173913052,0.08260869565217409,False,False,False
2026-07-27,2.31,2.34,2.31,2.32,1032169.0,2.3,0.008695652173913052,5464281.1,0.188893832712962,0.3333333333333284,0.029999999999999805,0.013043478260869481,1032169.0,0.06296461090431973,2394632.0799999996,-0.3239591691037048,-0.8081784062281959,1.0,-0.2693928020760613,-0.023366595706223223,-0.1676254100285977,-0.008620689655172422,-0.004310344827586115,0.08620689655172423,0.04741379310344842,False,False,False
2026-07-28,2.32,2.33,2.28,2.3,1444582.0,2.32,-0.008620689655172422,4851939.25,0.29773291163940274,0.39999999999999825,0.050000000000000266,0.02155172413793115,1444582.0,0.11909316465576057,3322538.5999999996,0.3995595682489981,-0.7366174528969719,-1.0,0.29464698115878746,0.025337865693606295,-0.11354857791057993,0.0,0.008695652173913052,0.08260869565217409,0.07826086956521747,False,False,False
2026-07-29,2.3,2.33,2.27,2.3,2984815.0,2.3,0.0,4459229.5,0.6693566680073317,0.4999999999999963,0.06000000000000005,0.026086956521739157,2984815.0,0.33467833400366337,6865074.499999999,1.0662136175031947,-0.32707395200201883,0.0,-0.0,-0.0,0.09205542633122155,0.004347826086956622,0.09565217391304356,0.056521739130434935,0.052173913043478314,False,False,False
2026-07-30,2.3,2.33,2.3,2.31,1255294.0,2.3,0.004347826086956622,4127716.7,0.3041134097211662,0.33333333333333826,0.03000000000000025,0.013043478260869674,1255294.0,0.10137113657372356,2899729.14,-0.5794399317880672,-0.631157046745209,1.0,-0.21038568224840612,-0.009141444097590575,-0.11275754219220763,0.004329004329004236,0.07792207792207799,0.07359307359307356,0.01731601731601733,False,False,False
2026-08-02,2.31,2.34,2.3,2.32,1851784.0,2.31,0.004329004329004236,3519007.3,0.5262234039696366,0.5,0.040000000000000036,0.01731601731601733,1851784.0,0.2631117019848183,4296138.88,0.4751795196981743,-0.3089505491883382,1.0,-0.1544752745941691,-0.006683067094621123,0.1002589642132343,0.08620689655172423,0.04741379310344842,0.043103448275862113,0.012931034482758728,False,False,False
2026-08-03,2.32,2.55,2.32,2.52,16880124.0,2.32,0.08620689655172423,4094596.55,4.122536565904155,0.8695652173913052,0.22999999999999998,0.09913793103448276,16880124.0,3.5848144051340514,42537912.48,8.115600955619014,3.350026330374909,1.0,2.913066374239054,2.031345622923126,0.9335532747341375,-0.011904761904761828,-0.015873015873015886,-0.06746031746031743,-0.059523809523809486,True,True,False
2026-08-04,2.51,2.6,2.46,2.49,11156490.0,2.52,-0.011904761904761828,4292306.8,2.599182798396424,0.21428571428571588,0.14000000000000012,0.0555555555555556,11156490.0,0.5569677425135235,27779660.1,-0.33907535276399625,1.6386458366345316,-1.0,-0.35113839356454507,-0.04160582459543366,0.5707843694100556,-0.024096385542168693,-0.028112449799196897,-0.05622489959839362,-0.05622489959839362,False,False,False
2026-08-05,2.5,2.57,2.41,2.43,8283908.0,2.49,-0.024096385542168693,4508784.1,1.8372820290951613,0.12500000000000036,0.1599999999999997,0.06425702811244967,8283908.0,0.22966025363689582,20129896.44,-0.2574808026538813,0.8404130720200835,-1.0,-0.10505163400251075,-0.024834830741426138,0.4055138952146028,0.020576131687242726,-0.0329218106995885,-0.024691358024691377,-0.03703703703703716,False,False,False
2026-08-06,2.43,2.52,2.42,2.48,4052063.0,2.43,0.020576131687242726,4636052.8,0.8740329704614236,0.6,0.10000000000000009,0.04115226337448563,4052063.0,0.5244197822768542,10049116.24,-0.5108512793720066,-0.09744360285509565,1.0,-0.05846616171305739,-0.011863125840947791,0.2514318237694571,-0.024193548387096794,-0.05241935483870964,-0.05241935483870964,-0.05645161290322586,False,False,False
2026-08-09,2.46,2.5,2.41,2.42,1657419.0,2.48,-0.024193548387096794,4077153.8,0.4065137302399532,0.11111111111110891,0.08999999999999986,0.0362903225806451,1657419.0,0.04516819224888279,4010953.98,-0.5909690940145798,-0.46933598881304833,-1.0,0.052148443201448784,0.012376028099074178,-0.16327576949269557,-0.02892561983471068,-0.020661157024793316,-0.03305785123966945,,False,False,False
2026-08-10,2.42,2.42,2.34,2.35,2432475.0,2.42,-0.02892561983471068,3808203.65,0.6387460397502639,0.12500000000000278,0.08000000000000007,0.03305785123966945,2432475.0,0.07984325496878476,5716316.25,0.4676282822870983,-0.19471212391306184,-1.0,0.02433901548913327,0.006850217712929324,-0.033644091002276166,0.0,0.0,-0.004255319148936268,,False,False,False
2026-08-11,2.35,2.38,2.33,2.35,1289834.0,2.35,0.0,3663150.85,0.35211053347693827,0.4000000000000018,0.04999999999999982,0.021276595744680774,1289834.0,0.14084421339077594,3031109.9,-0.46974419058777583,-0.46456505146343074,0.0,-0.0,-0.0,-0.016898768914776624,0.008510638297872348,-0.004255319148936268,,,False,False,False
2026-08-12,2.35,2.4,2.34,2.37,1692401.0,2.35,0.008510638297872348,3554125.6,0.476179288655415,0.5000000000000037,0.06000000000000005,0.025531914893617044,1692401.0,0.23808964432770924,4010990.37,0.31210760454446085,-0.32618150585104283,1.0,-0.1630907529255226,-0.013846649338407796,0.09245723578074974,-0.008438818565400852,-0.01265822784810137,,,False,False,False
2026-08-13,2.37,2.41,2.35,2.35,1530346.0,2.37,-0.008438818565400852,3535222.2,0.43288537846362246,0.0,0.06000000000000005,0.025316455696202552,1530346.0,0.0,3596313.1,-0.09575449317271734,-0.37520724357843155,-1.0,0.0,0.0,-0.17926900714363286,-0.004255319148936268,,,,False,False,False
2026-08-16,2.41,2.41,2.33,2.34,1764764.0,2.35,-0.004255319148936268,3518012.1,0.5016367055701713,0.12499999999999722,0.08000000000000007,0.03404255319148939,1764764.0,0.06270458819627002,4129547.76,0.15317973843823562,-0.3124021449266936,-1.0,0.03905026811583583,0.0016607112668436852,-0.08881041919877924,0.0,,,,False,False,False
2026-08-17,2.34,2.35,2.32,2.34,843837.0,2.34,0.0,3284946.0,0.2568800217720474,0.6666666666666617,0.03000000000000025,0.012820512820512928,843837.0,0.1712533478480303,1974578.5799999998,-0.5218414473550004,-0.5220401705674756,0.0,-0.0,-0.0,0.09369679031642719,,,,,False,False,False
