date,open,high,low,close,volume,prev_close,daily_return,close_strength,volume_sma20,relative_volume20,close_sma20,close_sma50,trend20,trend50,price_position20,breakout20,previous_return5,previous_return10,NextDayReturn,Return3Days,Return5Days,Return7Days,Return10Days,case_a_uptrend,case_b_breakout,case_c_extended,case_d_weak_close,normal_day,trend_strength,z_relative_volume20,z_close_strength,z_trend_strength,breakout_factor,model_a,model_b,model_c,model_d_contextual_score,split
2025-11-23,1.99,2.01,1.99,2.0,284940.0,,,0.5000000000000056,,,,,,,,,,,-0.0050000000000000044,-0.020000000000000018,-0.06000000000000005,-0.09999999999999998,-0.06000000000000005,False,False,False,False,True,,,0.3100643284887501,,1.0,,,,,Training
2025-11-24,2.0,2.0,1.97,1.99,560863.0,2.0,-0.0050000000000000044,0.6666666666666666,,,,,,,,,,,-0.02010050251256283,-0.015075376884422124,-0.0703517587939698,-0.0753768844221105,-0.02512562814070354,False,False,False,False,True,,,0.8670796836762393,,1.0,,,,,Training
2025-11-25,1.98,2.0,1.95,1.95,959833.0,1.99,-0.02010050251256283,0.0,,,,,,,,,,,0.0051282051282051325,-0.03589743589743593,-0.07692307692307689,-0.03589743589743593,0.010256410256410265,False,False,False,False,True,,,-1.3609817370737924,,1.0,,,,,Training
2025-11-26,1.94,1.98,1.94,1.96,1529312.0,1.95,0.0051282051282051325,0.5,,,,,,,,,,,0.0,-0.056122448979591774,-0.06122448979591831,-0.04081632653061228,0.051020408163265356,False,False,False,False,True,,,0.3100643284887315,,1.0,,,,,Training
2025-11-27,1.96,1.98,1.96,1.96,572980.0,1.96,0.0,0.0,,,,,,,,,,,-0.04081632653061228,-0.08163265306122446,-0.04081632653061228,-0.01020408163265307,0.03061224489795921,False,False,False,False,True,,,-1.3609817370737924,,1.0,,,,,Training
2025-11-30,1.97,1.98,1.88,1.88,2254504.0,1.96,-0.04081632653061228,0.0,,,,,,,,,-0.06000000000000005,,-0.015957446808510536,-0.021276595744680753,0.0,0.04787234042553196,0.07446808510638304,False,False,False,False,True,,,-1.3609817370737924,,1.0,,,,,Training
2025-12-01,1.89,1.89,1.85,1.85,1310789.0,1.88,-0.015957446808510536,0.0,,,,,,,,,-0.0703517587939698,,-0.02702702702702705,0.01621621621621611,0.04864864864864857,0.11351351351351349,0.10810810810810796,False,False,False,False,True,,,-1.3609817370737924,,1.0,,,,,Training
2025-12-02,1.86,1.87,1.78,1.8,1609937.0,1.85,-0.02702702702702705,0.2222222222222222,,,,,,,,,-0.07692307692307689,,0.02222222222222224,0.04444444444444436,0.0944444444444444,0.1222222222222222,0.1222222222222222,False,False,False,False,True,,,-0.6182945968237819,,1.0,,,,,Training
2025-12-03,1.81,1.84,1.77,1.84,3395859.0,1.8,0.02222222222222224,1.0,,,,,,,,,-0.06122448979591831,,0.021739130434782507,0.054347826086956444,0.11956521739130432,0.0978260869565217,0.10326086956521724,False,False,False,False,True,,,1.9811103940512556,,1.0,,,,,Training
2025-12-04,1.84,1.92,1.84,1.88,2262505.0,1.84,0.021739130434782507,0.4999999999999986,,,,,,,,,-0.04081632653061228,,0.0,0.04787234042553196,0.07446808510638304,0.09042553191489358,0.06914893617021271,False,False,False,False,True,,,0.3100643284887269,,1.0,,,,,Training
2025-12-07,1.89,1.93,1.88,1.88,1163659.0,1.88,0.0,0.0,,,,,,,,,0.0,-0.06000000000000005,0.03191489361702131,0.09574468085106393,0.07446808510638304,0.07446808510638304,0.07978723404255315,False,False,False,False,True,,,-1.3609817370737924,,1.0,,,,,Training
2025-12-08,1.88,2.0,1.87,1.94,3740201.0,1.88,0.03191489361702131,0.5384615384615377,,,,,,,,,0.04864864864864857,-0.02512562814070354,0.01546391752577321,0.041237113402061897,0.05670103092783499,0.04639175257731951,0.025773195876288683,False,False,False,False,True,,,0.4386063335319999,,1.0,,,,,Training
2025-12-09,1.93,1.97,1.91,1.97,1444571.0,1.94,0.01546391752577321,1.0,,,,,,,,,0.0944444444444444,0.010256410256410265,0.0456852791878173,0.0253807106598985,0.0253807106598985,0.020304568527918686,0.0101522842639594,False,False,False,False,True,,,1.9811103940512556,,1.0,,,,,Training
2025-12-10,1.99,2.07,1.97,2.06,2476824.0,1.97,0.0456852791878173,0.900000000000002,,,,,,,,,0.11956521739130432,0.051020408163265356,-0.019417475728155355,-0.004854368932038947,-0.014563106796116625,-0.014563106796116625,-0.04368932038834955,False,False,False,False,True,,,1.6469011809387575,,1.0,,,,,Training
2025-12-11,2.04,2.07,2.02,2.02,1161875.0,2.06,-0.019417475728155355,0.0,,,,,,,,,0.07446808510638304,0.03061224489795921,0.0,0.0,-0.004950495049505065,-0.014851485148514865,0.03960396039603964,False,False,False,False,True,,,-1.3609817370737924,,1.0,,,,,Training
2025-12-14,2.0,2.05,1.98,2.02,1112812.0,2.02,0.0,0.5714285714285733,,,,,,,,,0.07446808510638304,0.07446808510638304,0.014851485148514755,0.004950495049504845,0.004950495049504845,-0.014851485148514865,0.08910891089108919,False,False,False,False,True,,,0.5487851949976698,,1.0,,,,,Training
2025-12-15,1.98,2.12,1.98,2.05,3484713.0,2.02,0.014851485148514755,0.4999999999999984,,,,,,,,,0.05670103092783499,0.10810810810810796,-0.01463414634146332,-0.019512195121951237,-0.02926829268292675,-0.03902439024390237,0.06341463414634163,False,False,False,False,True,,,0.3100643284887261,,1.0,,,,,Training
2025-12-16,2.05,2.06,2.01,2.02,1242487.0,2.05,-0.01463414634146332,0.20000000000000356,,,,,,,,,0.0253807106598985,0.1222222222222222,0.004950495049504845,0.004950495049504845,-0.014851485148514865,0.03960396039603964,0.024752475247524663,False,False,False,False,True,,,-0.6925633108487709,,1.0,,,,,Training
2025-12-17,2.02,2.04,2.0,2.03,683272.0,2.02,0.004950495049504845,0.7499999999999944,,,,,,,,,-0.014563106796116625,0.10326086956521724,-0.009852216748768483,-0.019704433497536856,-0.029556650246305338,0.08374384236453221,0.11330049261083744,False,False,False,False,True,,,1.145587361269975,,1.0,,,,,Training
2025-12-18,2.03,2.05,2.0,2.01,489576.0,2.03,-0.009852216748768483,0.19999999999999646,1587075.6,0.30847679845875015,1.9555,,0.027870109946305174,,0.6857142857142848,,-0.004950495049505065,0.06914893617021271,0.009950248756218916,-0.009950248756218805,0.04477611940298523,0.0845771144278609,0.15920398009950265,False,False,False,False,True,,-0.722268847686189,-0.6925633108487946,,1.0,-0.722268847686189,0.5002169044764908,,,Training
2025-12-21,2.01,2.06,2.01,2.03,469166.0,2.01,0.009950248756218916,0.39999999999999825,1596286.9,0.2939108251781055,1.957,,0.03730199284619302,,0.7428571428571421,0.0,0.004950495049504845,0.07978723404255315,-0.019704433497536856,-0.029556650246305338,0.08374384236453221,0.019704433497536967,0.26108374384236466,False,False,False,False,True,,-0.7349092534896403,-0.02414488462377912,,1.0,-0.7349092534896403,0.017744299134455008,,,Training
2025-12-22,2.02,2.04,1.98,1.99,991959.0,2.03,-0.019704433497536856,0.16666666666666666,1617841.7,0.6131372432791169,1.957,,0.016862544711292754,,0.6285714285714283,0.0,-0.02926829268292675,0.025773195876288683,0.0,0.05527638190954779,0.09547738693467345,0.1356783919597989,0.30653266331658297,False,False,False,False,True,,-0.4578833802278149,-0.8039663818862844,,1.0,-0.4578833802278149,0.36812284452761823,,,Training
2025-12-23,2.0,2.01,1.98,1.99,655833.0,1.99,0.0,0.3333333333333358,1602641.7,0.409219977241326,1.959,,0.015824400204185764,,0.6285714285714283,0.0,-0.014851485148514865,0.0101522842639594,-0.010050251256281416,0.10552763819095487,0.04020100502512555,0.17085427135678397,0.30150753768844213,False,False,False,False,True,,-0.6348435423388592,-0.24695102669876814,,1.0,-0.6348435423388592,0.15677526457366417,,,Training
2025-12-24,2.0,2.01,1.95,1.97,1265949.0,1.99,-0.010050251256281416,0.3333333333333346,1589473.55,0.796458047383047,1.9594999999999998,,0.005358509823934768,,0.5714285714285712,0.0,-0.029556650246305338,-0.04368932038834955,0.0659898477157361,0.1065989847715737,0.14720812182741108,0.2994923857868021,0.34517766497461927,False,False,False,False,True,,-0.29879690440900675,-0.24695102669877225,,1.0,-0.29879690440900675,0.07378820231821913,,,Training
2025-12-25,1.99,2.14,1.97,2.1,4541378.0,1.97,0.0659898477157361,0.7647058823529411,1787893.45,2.5400719489184325,1.9665,,0.06788710907704051,,0.8918918918918918,1.0,0.04477611940298523,0.03960396039603964,0.04761904761904766,-0.014285714285714403,0.10952380952380951,0.23809523809523808,0.19047619047619044,True,True,True,False,False,,1.2143177261960858,1.1947357749630088,,1.5,1.2143177261960858,1.4507888296581992,,,Training
2025-12-28,2.11,2.26,2.09,2.2,9931369.0,2.1,0.04761904761904766,0.6470588235294139,2171736.7,4.573007860483271,1.9825,,0.10970996216897869,,0.877551020408164,1.0,0.08374384236453221,0.08910891089108919,-0.009090909090909097,0.027272727272727094,0.16363636363636358,0.1772727272727271,0.2499999999999999,False,False,False,False,True,,2.978507073483663,0.8015484654188928,,1.5,2.978507073483663,2.3874177739901477,,,Training
2025-12-29,2.2,2.3,2.16,2.18,9598704.0,2.2,-0.009090909090909097,0.14285714285714332,2586132.45,3.7116057222823216,1.9989999999999999,,0.0905452726363183,,0.773584905660378,0.0,0.09547738693467345,0.06341463414634163,-0.05045871559633042,0.06880733944954123,0.19266055045871555,0.21559633027522923,0.30733944954128434,False,False,False,True,False,,2.2309790932360736,-0.8835400040559269,,1.0,2.2309790932360736,-1.9711592770864885,,,Training
2025-12-30,2.17,2.18,2.06,2.07,5305004.0,2.18,-0.05045871559633042,0.08333333333333148,2770885.8,1.9145516570910286,2.0125,,0.0285714285714284,,0.5660377358490565,0.0,0.04020100502512555,0.024752475247524663,0.09178743961352655,0.23671497584541074,0.25120772946859904,0.2077294685990339,0.43961352657004843,False,False,False,True,False,,0.6714888897943111,-1.0824740594800446,,1.0,0.6714888897943111,-0.7268693044313962,,,Training
2025-12-31,2.1,2.26,2.1,2.26,8509558.0,2.07,0.09178743961352655,1.0,3026570.75,2.8116170751997123,2.0335,,0.11138431276124892,,0.9130434782608694,1.0,0.14720812182741108,0.11330049261083744,0.030973451327433756,0.15044247787610635,0.172566371681416,0.2168141592920355,0.19026548672566382,True,True,True,False,False,,1.4499655970256895,1.9811103940512556,,1.5,1.4499655970256895,2.872541915284328,,,Training
2026-01-01,2.26,2.37,2.23,2.33,9555532.0,2.26,0.030973451327433756,0.7142857142857143,3391222.1,2.817725208856123,2.056,,0.13326848249027237,,0.9199999999999999,1.0,0.10952380952380951,0.15920398009950265,0.09871244635193133,0.11158798283261794,0.0729613733905579,0.22317596566523606,0.17167381974248921,False,False,False,False,True,,1.4552662581371132,1.0262269280155276,,1.5,1.4552662581371132,1.4934334215327014,,,Training
2026-01-04,2.34,2.56,2.32,2.56,29576965.0,2.33,0.09871244635193133,1.0,4811887.4,6.146645285174379,2.09,,0.22488038277511974,,1.0,1.0,0.16363636363636358,0.26108374384236466,0.015625000000000014,0.035156249999999944,0.07421874999999997,0.16406249999999997,0.05078124999999996,True,True,True,False,False,,4.344115485111432,1.9811103940512556,,1.5,4.344115485111432,8.60617234051327,,,Training
2026-01-05,2.6,2.74,2.57,2.6,32438309.0,2.56,0.015625000000000014,0.17647058823529518,6246792.8,5.192794132694781,2.123,,0.22468205369759767,,0.8313253012048192,1.0,0.19266055045871555,0.30653266331658297,-0.003846153846153935,-0.03846153846153849,0.09615384615384615,0.03461538461538456,-0.003846153846153935,False,False,False,True,False,,3.516359906330209,-0.7712007727576039,,1.5,3.516359906330209,-2.711819477055713,,,Training
2026-01-06,2.6,2.7,2.54,2.59,19987771.0,2.6,-0.003846153846153935,0.3124999999999986,7173952.8,2.786158699009004,2.154,,0.20241411327762301,,0.8101265822784807,0.0,0.25120772946859904,0.30150753768844213,0.02316602316602319,0.06177606177606183,0.15057915057915064,0.054054054054054106,0.0,False,False,False,True,False,,1.427872723453342,-0.31657794609721956,,1.0,1.427872723453342,-0.4520330140791022,,,Training
2026-01-07,2.65,2.67,2.58,2.65,13714411.0,2.59,0.02316602316602319,0.7777777777777772,7735832.15,1.7728423696473299,2.1835,,0.21364781314403478,,0.8860759493670882,1.0,0.172566371681416,0.34517766497461927,-0.05660377358490563,0.07547169811320761,0.015094339622641523,0.015094339622641523,-0.04905660377358487,True,True,True,False,False,,0.5485130429426269,1.238423253801243,,1.5,0.5485130429426269,0.6792913073934289,,,Training
2026-01-08,2.66,2.72,2.5,2.5,13142831.0,2.65,-0.05660377358490563,0.0,8334879.95,1.576847066645513,2.2075000000000005,,0.1325028312570779,,0.6962025316455694,0.0,0.0729613733905579,0.19047619047619044,0.1,0.192,0.092,0.03599999999999994,0.008000000000000007,False,False,False,True,False,,0.3784275898266701,-1.3609817370737924,,1.0,0.3784275898266701,-0.5150330385589501,,,Training
2026-01-11,2.5,2.75,2.45,2.75,14487314.0,2.5,0.1,1.0,9003605.05,1.609057029883824,2.244,,0.22549019607843127,,1.0,1.0,0.07421874999999997,0.2499999999999999,0.0363636363636364,-0.021818181818181837,-0.021818181818181837,-0.05818181818181823,-0.04727272727272724,True,True,True,False,False,,0.4063795157571893,1.9811103940512556,,1.5,0.4063795157571893,0.8050826825960836,,,Training
2026-01-12,2.83,2.98,2.76,2.85,31000819.0,2.75,0.0363636363636364,0.4090909090909101,10379410.35,2.9867610928399224,2.284,,0.24781085814360784,,0.8737864077669903,1.0,0.09615384615384615,0.30733944954128434,0.04561403508771926,-0.04210526315789477,-0.09122807017543867,-0.11578947368421055,-0.10526315789473693,False,False,False,True,False,,1.6019562271307801,0.0062377711137306,,1.5,1.6019562271307801,0.009992636279057237,,,Training
2026-01-13,2.88,2.98,2.76,2.98,23538405.0,2.85,0.04561403508771926,1.0,11494206.25,2.047849541589703,2.332,,0.2778730703259006,,1.0,1.0,0.15057915057915064,0.43961352657004843,-0.09731543624161075,-0.09731543624161075,-0.13087248322147654,-0.15436241610738255,-0.14765100671140938,True,True,True,False,False,,0.7871652898769466,1.9811103940512556,,1.5,0.7871652898769466,1.5594613376115884,,,Training
2026-01-14,2.97,2.97,2.69,2.69,33964990.0,2.98,-0.09731543624161075,0.0,13158292.15,2.5812612771331422,2.3649999999999998,,0.13742071881606774,,0.7184466019417476,0.0,0.015094339622641523,0.19026548672566382,0.014869888475836444,-0.037174721189591114,-0.06319702602230481,-0.026022304832713696,-0.05576208178438659,False,False,False,True,False,,1.2500619784594977,-1.3609817370737924,,1.0,1.2500619784594977,-1.701311522893709,,,Training
2026-01-15,2.67,2.77,2.62,2.73,15046108.0,2.69,0.014869888475836444,0.733333333333333,13886118.75,1.0835358872327085,2.4010000000000002,,0.13702623906705527,,0.7572815533980582,0.0,0.092,0.17167381974248921,-0.014652014652014666,-0.05128205128205133,-0.07692307692307691,-0.06593406593406599,-0.08058608058608066,False,False,False,False,True,,-0.04966968695764198,1.0898858257512414,,1.0,-0.04966968695764198,-0.05413428778463529,,,Training
2026-01-18,2.75,2.78,2.68,2.69,13213470.0,2.73,-0.014652014652014666,0.09999999999999823,14523333.95,0.9098096928357142,2.434,,0.10517666392769094,,0.7184466019417476,0.0,-0.021818181818181837,0.05078124999999996,-0.037174721189591114,-0.06319702602230481,-0.026022304832713696,-0.05576208178438659,-0.09665427509293673,False,False,False,False,True,,-0.2004299247774721,-1.0267725239612935,,1.0,-0.2004299247774721,0.20579593974113722,,,Training
2026-01-19,2.68,2.69,2.57,2.59,11064697.0,2.69,-0.037174721189591114,0.16666666666666666,15026970.85,0.7363225170560572,2.4639999999999995,,0.051136363636363785,,0.6213592233009707,0.0,-0.09122807017543867,-0.003846153846153935,0.0,-0.027027027027026966,-0.015444015444015458,-0.01930501930501924,-0.06177606177606166,False,False,False,False,True,,-0.3509827413519442,-0.8039663818862844,,1.0,-0.3509827413519442,0.28217832466925213,,,Training
2026-01-20,2.61,2.7,2.58,2.59,22857172.0,2.59,0.0,0.08333333333333148,16137037.8,1.4164416222660146,2.494,,0.03849238171611854,,0.6213592233009707,0.0,-0.13087248322147654,0.0,-0.027027027027026966,0.01158301158301168,-0.01930501930501924,-0.030888030888030917,-0.034749034749034693,False,False,False,False,True,,0.23922714842986534,-1.0824740594800446,,1.0,0.23922714842986534,-0.2589571824987115,,,Training
2026-01-21,2.59,2.65,2.51,2.52,10230679.0,2.59,-0.027027027027026966,0.07142857142857302,16585274.3,0.6168531683554971,2.5215,,-0.0005948839976204866,,0.5445544554455446,0.0,-0.06319702602230481,-0.04905660377358487,0.0,0.011904761904761828,0.007936507936507943,-0.03571428571428566,0.03174603174603177,False,False,False,False,True,,-0.45465868662199305,-1.1222608705648551,,1.0,-0.45465868662199305,0.5102456534582716,,,Training
2026-01-22,2.52,2.56,2.48,2.52,15248419.0,2.52,0.0,0.5,17120626.35,0.8906460948492109,2.5425,,-0.00884955752212388,,0.5,0.0,-0.07692307692307691,0.008000000000000007,0.039682539682539715,0.007936507936507943,-0.00396825396825406,-0.03571428571428566,0.015873015873015886,False,False,False,False,True,,-0.21706016640543727,0.3100643284887315,,1.0,-0.21706016640543727,-0.06730261473815423,,,Training
2026-01-25,2.54,2.7,2.53,2.62,15339920.0,2.52,0.039682539682539715,0.5294117647058829,17391053.9,0.8820581022982168,2.5635,,0.022040179442168996,,0.6086956521739132,0.0,-0.026022304832713696,-0.04727272727272724,-0.026717557251908504,-0.030534351145038195,-0.07251908396946563,-0.045801526717557293,-0.022900763358778647,False,False,False,False,True,,-0.22451285829152165,0.40836115587476424,,1.0,-0.22451285829152165,-0.09168233032067293,,,Training
2026-01-26,2.63,2.64,2.53,2.55,7651535.0,2.62,-0.026717557251908504,0.18181818181818146,17293695.45,0.4424464986169281,2.582,,-0.012393493415956634,,0.5326086956521737,0.0,-0.015444015444015458,-0.10526315789473693,-0.003921568627450897,-0.015686274509803935,-0.04705882352941163,0.01960784313725501,0.0,False,False,False,False,True,,-0.6060094434748476,-0.7533286223237848,,1.0,-0.6060094434748476,0.4565242591681105,,,Training
2026-01-27,2.56,2.59,2.53,2.54,6103413.0,2.55,-0.003921568627450897,0.16666666666667038,17333615.9,0.35211424062996577,2.6055,,-0.025139128766071814,,0.5,0.0,-0.01930501930501924,-0.14765100671140938,0.0,-0.04330708661417318,-0.015748031496063006,0.007874015748031503,-0.003937007874015839,False,False,False,False,True,,-0.6844001130234825,-0.803966381886272,,1.0,-0.6844001130234825,0.5502346826300448,,,Training
2026-01-28,2.54,2.65,2.53,2.54,9860973.0,2.54,0.0,0.08333333333333519,17401186.65,0.566683939339275,2.6195,,-0.030349303302156863,,0.4133333333333334,0.0,0.007936507936507943,-0.05576208178438659,-0.011811023622047341,-0.04330708661417318,0.02362204724409451,0.007874015748031503,-0.027559055118110173,False,False,False,False,True,,-0.49819573020932456,-1.0824740594800322,,1.0,-0.49819573020932456,0.5392839544953064,,,Training
2026-01-29,2.55,2.57,2.51,2.51,3635470.0,2.54,-0.011811023622047341,0.0,17105183.55,0.2125361583740503,2.6285,2.256,-0.04508274681377213,0.11258865248226951,0.28787878787878773,0.0,-0.00396825396825406,-0.08058608058608066,-0.031872509960159216,-0.003984063745019836,0.01992031872509971,0.0159362549800797,-0.019920318725099532,False,False,False,False,True,0.03375295283424869,-0.8055264920843808,-1.3609817370737924,1.068513800745245,1.0,-0.8055264920843808,1.096306844455959,1.1714189931526628,1.1714189931526628,Training
2026-02-01,2.53,2.56,2.42,2.43,4978798.0,2.51,-0.031872509960159216,0.07142857142857302,15875275.2,0.3136196341339645,2.622,2.2646,-0.07322654462242553,0.07303718095910977,0.01785714285714327,0.0,-0.07251908396946563,-0.09665427509293673,0.0,0.06995884773662549,0.053497942386831226,0.04115226337448545,0.01646090534979425,False,False,False,False,True,-9.468183165788069e-05,-0.717805875754093,-1.1222608705648551,0.2570363048644968,1.0,-0.717805875754093,0.8055654470203567,0.20705956582862906,0.20705956582862906,Training
2026-02-02,2.43,2.47,2.41,2.43,5902088.0,2.43,0.0,0.3333333333333333,14548464.15,0.4056846096706366,2.6134999999999997,2.2734,-0.07021235890568187,0.06888361045130645,0.035087719298245654,0.0,-0.04705882352941163,-0.06177606177606166,0.02880658436213985,0.053497942386831226,0.049382716049382575,0.01646090534979425,0.03292181069958832,False,False,False,False,True,-0.0006643742271877084,-0.6379115474695056,-0.2469510266987765,0.24337825864915819,1.0,-0.6379115474695056,0.1575329115905997,0.038340085702851946,0.038340085702851946,Training
2026-02-03,2.46,2.54,2.43,2.5,10985418.0,2.43,0.02880658436213985,0.6363636363636356,14098346.5,0.7791990358585669,2.609,2.2843999999999998,-0.041778459179762355,0.09437926807914562,0.15789473684210506,0.0,-0.015748031496063006,-0.034749034749034693,0.040000000000000036,0.02400000000000002,0.011999999999999922,-0.016000000000000014,-0.011999999999999922,False,False,False,False,True,0.026300404449691634,-0.3137743388195014,0.7658041645512355,0.8898432566814388,1.0,-0.3137743388195014,-0.24028969539728456,-0.21382016509931065,-0.21382016509931065,Training
2026-02-04,2.53,2.65,2.5,2.6,16503377.0,2.5,0.040000000000000036,0.6666666666666676,14237794.8,1.1591245155464664,2.6064999999999996,2.2972,-0.0024937655860347236,0.13181264147658017,0.3333333333333333,0.0,0.02362204724409451,0.03174603174603177,-0.015384615384615398,-0.019230769230769332,-0.049999999999999954,-0.049999999999999954,-0.04230769230769226,False,False,False,False,True,0.06465943794527272,0.0159264059091344,0.8670796836762427,1.8094789344073459,1.0,0.0159264059091344,0.013809462997791698,0.024987932389981794,0.024987932389981794,Training
2026-02-05,2.6,2.61,2.53,2.56,6820941.0,2.6,-0.015384615384615398,0.3750000000000028,13921700.3,0.4899502828688245,2.6094999999999997,2.3091999999999997,-0.018969151178386535,0.10860904209249973,0.26315789473684204,0.0,0.01992031872509971,0.015873015873015886,0.0,-0.011718750000000097,-0.039062500000000035,-0.019531250000000104,-0.019531250000000104,False,False,False,False,True,0.0448199454570566,-0.5647854827703834,-0.10769718790189017,1.3338385582690764,1.0,-0.5647854827703834,0.06082580826218174,0.08113180839797976,0.08113180839797976,Training
2026-02-08,2.58,2.64,2.56,2.56,4063870.0,2.56,0.0,0.0,13400528.1,0.3032619289086077,2.6,2.3228,-0.015384615384615398,0.10211813328741177,0.26315789473684204,0.0,0.053497942386831226,-0.022900763358778647,-0.00390625000000009,-0.035156249999999944,-0.035156249999999944,-0.035156249999999944,0.0039062499999999167,False,False,False,False,True,0.04336675895139819,-0.7267943308829387,-1.3609817370737924,1.298999250934931,1.0,-0.7267943308829387,0.9891538109404465,1.2849100594710725,1.2849100594710725,Training
2026-02-09,2.56,2.57,2.52,2.55,4140167.0,2.56,-0.00390625000000009,0.5999999999999982,12057495.5,0.3433687368989688,2.585,2.3367999999999998,-0.013539651837524234,0.09123587812393019,0.2456140350877188,0.0,0.049382716049382575,0.0,-0.007843137254901968,-0.03529411764705877,-0.015686274509803935,-0.02352941176470573,-0.02352941176470573,False,False,False,False,True,0.03884811314320298,-0.6919894936975699,0.6442735416012303,1.1906673269644892,1.0,-0.6919894936975699,-0.4458305218553756,-0.5308358357367233,-0.5308358357367233,Training
2026-02-10,2.56,2.56,2.52,2.53,2447408.0,2.55,-0.007843137254901968,0.24999999999999445,11002945.65,0.22243207208789584,2.5625,2.3514,-0.012682926829268368,0.07595475036148672,0.21428571428571366,0.0,0.011999999999999922,-0.003937007874015839,-0.02371541501976269,-0.02371541501976269,-0.02371541501976269,-0.007905138339920957,-0.027667984189723258,False,False,False,False,True,0.03163591176610917,-0.7969387813472504,-0.5254587042925489,1.017758963616819,1.0,-0.7969387813472504,0.41875841944720915,0.42619513498240874,0.42619513498240874,Training
2026-02-11,2.53,2.53,2.45,2.47,4782069.0,2.53,-0.02371541501976269,0.2500000000000014,9543799.6,0.5010655294983353,2.5515,2.364,-0.03194199490495775,0.044839255499154115,0.16216216216216245,0.0,-0.049999999999999954,-0.027559055118110173,-0.00404858299595151,0.0161943319838055,0.008097165991902841,0.040485829959514025,-0.024291497975708523,False,False,False,False,True,0.006448630297098183,-0.5551396303926944,-0.5254587042925258,0.41390843473174005,1.0,-0.5551396303926944,0.2917029508875769,0.12073831180850661,0.12073831180850661,Training
2026-02-12,2.47,2.49,2.46,2.46,1803284.0,2.47,-0.00404858299595151,0.0,8881658.4,0.20303460443828822,2.538,2.3756,-0.030732860520094506,0.03552786664421621,0.13513513513513478,0.0,-0.039062500000000035,-0.019920318725099532,0.004065040650406598,0.004065040650406598,0.020325203252032447,0.012195121951219613,-0.089430894308943,False,False,False,False,True,0.0023975030620608535,-0.8137719759389341,-1.3609817370737924,0.3167849985852945,1.0,-0.8137719759389341,1.107528797395343,0.35084850851605665,0.35084850851605665,Training
2026-02-15,2.46,2.52,2.46,2.47,2850218.0,2.46,0.004065040650406598,0.16666666666667038,8363495.8,0.34079266232189653,2.527,2.3874,-0.022556390977443583,0.03459830778252502,0.2068965517241381,0.0,-0.035156249999999944,0.01646090534979425,0.0161943319838055,0.008097165991902841,0.040485829959514025,-0.00404858299595151,-0.08097165991902841,False,False,False,False,True,0.006020958402540718,-0.6942250207994505,-0.803966381886272,0.4036552480178207,1.0,-0.6942250207994505,0.5581335781870561,0.22529354793016987,0.22529354793016987,Training
2026-02-16,2.48,2.54,2.43,2.51,3933443.0,2.47,0.0161943319838055,0.7272727272727247,8006933.1,0.4912546353109907,2.523,2.3988,-0.005152596115735372,0.04635651158912779,0.3448275862068953,0.0,-0.015686274509803935,0.03292181069958832,-0.01593625498007952,0.0,-0.007968127490039672,-0.039840637450199064,-0.1115537848605577,False,False,False,False,True,0.020601957736696208,-0.563653560868425,1.069630721926234,0.7532262872915764,1.0,-0.563653560868425,-0.6029011652279859,-0.45412100628844104,-0.45412100628844104,Training
2026-02-17,2.53,2.55,2.47,2.47,4138308.0,2.51,-0.01593625498007952,0.0,7070989.9,0.5852515784246842,2.517,2.4088,-0.01867302344060378,0.025406841580870296,0.2068965517241381,0.0,-0.02371541501976269,-0.011999999999999922,0.008097165991902841,0.040485829959514025,-0.00404858299595151,-0.09311740890688258,-0.08502024291497992,False,False,False,False,True,0.003366909070133258,-0.4820826639329041,-1.3609817370737924,0.34002594784768747,1.0,-0.4820826639329041,0.6561057013725652,0.22309296299747827,0.22309296299747827,Training
2026-02-18,2.48,2.53,2.46,2.49,2829396.0,2.47,0.008097165991902841,0.4285714285714331,6700925.75,0.4222395689132953,2.5155000000000003,2.4174,-0.010137149672033424,0.03003226607098535,0.27586206896551746,0.0,0.008097165991902841,-0.04230769230769226,0.008032128514056052,0.0,-0.032128514056224924,-0.08835341365461855,-0.09638554216867477,False,False,False,False,True,0.009947558199475964,-0.6235450922484961,0.07134346197981467,0.4977932107438353,1.0,-0.6235450922484961,-0.044485865581530615,-0.022144761860548798,-0.022144761860548798,Training
2026-02-19,2.48,2.56,2.48,2.51,8920176.0,2.49,0.008032128514056052,0.3749999999999972,6384513.6,1.3971582737328652,2.5149999999999997,2.4272,-0.0019880715705764985,0.034113381674357186,0.3448275862068953,0.0,0.020325203252032447,-0.019531250000000104,0.023904382470119546,-0.019920318725099532,-0.10756972111553768,-0.1115537848605577,-0.08764940239043816,False,False,False,False,True,0.016062655051890345,0.22249298683200688,-0.10769718790190873,0.6443991266326571,1.0,0.22249298683200688,-0.02396186900970355,-0.015441007462339099,-0.015441007462339099,Training
2026-02-23,2.5,2.62,2.49,2.57,9959600.0,2.51,0.023904382470119546,0.615384615384613,6115497.6,1.6285837476250502,2.5125,2.4382,0.022885572139303346,0.0540562710196045,0.6666666666666661,0.0,0.040485829959514025,0.0039062499999999167,-0.03112840466926056,-0.062256809338521284,-0.11673151750972756,-0.12062256809338524,-0.12062256809338524,False,False,False,False,True,0.03847092157945392,0.4233248740592352,0.6956903436185367,1.181624377031957,1.0,0.4233248740592352,0.2945030270965431,0.3479919559269783,0.3479919559269783,Training
2026-02-24,2.57,2.6,2.49,2.49,4234109.0,2.57,-0.03112840466926056,0.0,5944626.3,0.7122582289150792,2.5095,2.447,-0.0077704722056185895,0.017572537801389516,0.3333333333333339,0.0,-0.007968127490039672,-0.02352941176470573,-0.012048192771084437,-0.1004016064257028,-0.104417670682731,-0.09638554216867477,-0.08433734939759052,False,False,False,False,True,0.004901032797885464,-0.37186582012824143,-1.3609817370737924,0.3768056783445292,1.0,-0.37186582012824143,0.5061025898365045,0.1907023296752671,0.1907023296752671,Training
2026-02-25,2.5,2.54,2.41,2.46,3975670.0,2.49,-0.012048192771084437,0.3846153846153836,5838239.15,0.6809707341296561,2.5055,2.4558,-0.018160047894631846,0.0017102369899828901,0.2083333333333328,0.0,-0.00404858299595151,-0.027667984189723258,-0.020325203252032447,-0.07723577235772355,-0.08130081300813015,-0.06910569105691054,-0.089430894308943,False,False,False,False,True,-0.008224905452324478,-0.39901722450343957,-0.07556168664108515,0.0621188883368821,1.0,-0.39901722450343957,0.030150414482324424,0.001872910230538224,0.001872910230538224,Training
2026-02-26,2.46,2.5,2.39,2.41,4680523.0,2.46,-0.020325203252032447,0.18181818181818218,5579216.65,0.8389211772229709,2.499,2.4634,-0.0356142456982793,-0.021677356499147475,0.07692307692307705,0.0,-0.032128514056224924,-0.024291497975708523,-0.0705394190871369,-0.07468879668049799,-0.06639004149377599,-0.062240663900415084,-0.07883817427385889,False,False,False,False,True,-0.028645801098713387,-0.2619472423562472,-0.7533286223237825,-0.4274602927887397,1.0,-0.2619472423562472,0.19733235520574569,-0.08435174633293964,-0.08435174633293964,Training
2026-03-01,2.27,2.38,2.23,2.24,5393890.0,2.41,-0.0705394190871369,0.06666666666666825,5667137.65,0.9517838339430488,2.4855,2.468,-0.09877288271977462,-0.09238249594813605,0.023809523809524363,0.0,-0.10756972111553768,-0.089430894308943,0.013392857142857054,0.008928571428571237,0.02232142857142849,0.017857142857142672,-0.008928571428571435,False,False,False,False,True,-0.09557768933395533,-0.16400460896606245,-1.138175594998784,-2.032113663572501,1.0,-0.16400460896606245,0.18666604339249102,-0.3793266173028983,-0.3793266173028983,Training
2026-03-02,2.25,2.31,2.21,2.27,3379911.0,2.24,0.013392857142857054,0.6,5587193.3,0.6049389771426021,2.4775,2.4728,-0.08375378405650859,-0.08201229375606595,0.1363636363636365,0.0,-0.11673151750972756,-0.08097165991902841,-0.017621145374449355,-0.008810572687224677,-0.004405286343612437,-0.013215859030836918,0.0,False,False,False,False,True,-0.08288303890628726,-0.46499786608149574,0.6442735416012362,-1.7277667500641902,1.0,-0.46499786608149574,-0.2995858220173426,0.5176144220722129,0.5176144220722129,Training
2026-03-03,2.24,2.31,2.22,2.23,3120366.0,2.27,-0.017621145374449355,0.11111111111110891,5448107.2,0.5727431354507855,2.4675000000000002,2.4776000000000002,-0.09625126646403252,-0.0999354213755248,0.0454545454545455,0.0,-0.104417670682731,-0.1115537848605577,0.01345291479820619,0.02690582959641258,0.02242152466367705,-0.0044843049327353305,0.00896860986547086,False,False,False,False,True,-0.09809334391977867,-0.49293753728142997,-0.9896381669487945,-2.0924250296089895,1.0,-0.49293753728142997,0.4878298008154474,-1.02074728541541,-1.02074728541541,Training
2026-03-04,2.22,2.3,2.22,2.26,3858747.0,2.23,0.01345291479820619,0.4999999999999972,5091773.65,0.757839461304412,2.4555,2.4829999999999997,-0.07961718590918347,-0.08981071284736201,0.11363636363636324,0.0,-0.08130081300813015,-0.08502024291497992,-0.004424778761061853,0.0,-0.008849557522123706,-0.017699115044247607,0.008849557522123902,False,False,False,False,True,-0.08471394937827274,-0.33231025708267425,0.31006432848872223,-1.7716617713752407,1.0,-0.33231025708267425,-0.10303755671225404,0.18254770024300881,0.18254770024300881,Training
2026-03-05,2.25,2.3,2.24,2.25,3938154.0,2.26,-0.004424778761061853,0.1666666666666642,4463512.5,0.8822993102405337,2.438,2.4886,-0.07711238720262517,-0.09587720003214656,0.09302325581395354,0.0,-0.06639004149377599,-0.09638554216867477,0.017777777777777795,0.013333333333333246,-0.013333333333333246,0.008888888888888898,0.013333333333333246,False,False,False,False,True,-0.08649479361738587,-0.2243035371418013,-0.8039663818862927,-1.8143564836638006,1.0,-0.2243035371418013,0.18033250320019165,-0.3271874463965908,-0.3271874463965908,Training
2026-03-08,2.26,2.33,2.26,2.29,5332653.0,2.25,0.017777777777777795,0.4285714285714304,4389098.1,1.214976944807864,2.4245,2.4924,-0.05547535574345228,-0.08120686888139943,0.18604651162790709,0.0,0.02232142857142849,-0.08764940239043816,-0.013100436681222816,-0.0218340611353711,-0.03056768558951958,-0.01746724890829696,-0.00873362445414848,False,False,False,False,True,-0.06834111231242586,0.06439535181271897,0.07134346197980558,-1.3791324571765264,1.0,0.06439535181271897,0.00459418733372692,-0.006335992866292082,-0.006335992866292082,Training
2026-03-09,2.29,2.35,2.26,2.26,6116776.0,2.29,-0.013100436681222816,0.0,4491743.4,1.3617821534507069,2.4095,2.4936,-0.06204606764888989,-0.0936798203400706,0.12195121951219465,0.0,-0.004405286343612437,-0.12062256809338524,0.008849557522123902,-0.017699115044247607,0.004424778761062049,0.008849557522123902,0.004424778761062049,False,False,False,False,True,-0.07786294399448024,0.19179345803962708,-1.3609817370737924,-1.6074128733952209,1.0,0.19179345803962708,-0.26102739368216116,0.4195787929135082,0.4195787929135082,Training
2026-03-10,2.26,2.3,2.26,2.28,1878815.0,2.26,0.008849557522123902,0.5,4378675.8,0.4290829204573675,2.396,2.4956,-0.04841402337228719,-0.0863920500080142,0.1707317073170727,0.0,0.02242152466367705,-0.08433734939759052,-0.01754385964912263,-0.026315789473684043,-0.013157894736842021,0.0,-0.03508771929824545,False,False,False,False,True,-0.06740303669015069,-0.6176064063188924,0.3100643284887315,-1.356642635821967,1.0,-0.6176064063188924,-0.19149771564560603,0.2597939657073405,0.2597939657073405,Training
2026-03-11,2.29,2.29,2.22,2.24,2362857.0,2.28,-0.01754385964912263,0.28571428571428664,4374448.25,0.5401497205961917,2.3815,2.499,-0.059416334243123974,-0.103641456582633,0.07317073170731765,0.0,-0.008849557522123706,-0.089430894308943,-0.008928571428571435,0.013392857142857054,0.017857142857142672,0.013392857142857054,-0.01785714285714287,False,False,False,False,True,-0.08152889541287849,-0.5212222239511333,-0.40609827103806134,-1.6953019417565836,1.0,-0.5212222239511333,0.21166744397316842,-0.3588402287743653,-0.3588402287743653,Training
2026-03-12,2.23,2.26,2.22,2.22,1520515.0,2.24,-0.008928571428571435,0.0,4211370.55,0.3610499199601422,2.369,2.4981999999999998,-0.06289573659772056,-0.11136017932911679,0.02439024390243958,0.0,-0.013333333333333246,-0.07883817427385889,0.0,0.013513513513513424,0.027027027027026848,0.02252252252252244,0.0,False,False,False,False,True,-0.08712795796341868,-0.6766456972569074,-1.3609817370737924,-1.829536233240725,1.0,-0.6766456972569074,0.9209024364362133,-1.6848243747397158,-1.6848243747397158,Training
2026-03-15,2.24,2.24,2.19,2.22,1188054.0,2.22,0.0,0.6000000000000018,4180609.05,0.28418203802146963,2.357,2.496,-0.058124734832414086,-0.110576923076923,0.06976744186046567,0.0,-0.03056768558951958,-0.008928571428571435,0.02252252252252244,0.027027027027026848,0.02252252252252244,-0.009009009009009016,-0.013513513513513624,False,False,False,False,True,-0.08435082895466854,-0.743351931178655,0.6442735416012422,-1.7629561689023359,1.0,-0.743351931178655,-0.47892198135659486,0.8443184614555383,0.8443184614555383,Training
2026-03-16,2.2,2.27,2.2,2.27,1921721.0,2.22,0.02252252252252244,1.0,4134184.2,0.46483681109322605,2.347,2.4901999999999997,-0.03280783979548358,-0.088426632399004,0.18604651162790709,0.0,0.004424778761062049,0.0,-0.008810572687224677,0.004405286343612241,0.0,-0.030837004405286274,-0.03524229074889871,False,False,False,False,True,-0.06061723609724379,-0.5865790470081338,1.9811103940512556,-1.1939569850510818,1.0,-0.5865790470081338,-1.162077846960494,1.387470962551604,1.387470962551604,Training
2026-03-24,2.27,2.3,2.23,2.25,3256803.0,2.27,-0.008810572687224677,0.28571428571428664,4100352.2,0.7942739650510997,2.334,2.4832,-0.035989717223650415,-0.09391108247422683,0.13953488372093031,0.0,-0.013157894736842021,0.00896860986547086,0.013333333333333246,0.008888888888888898,-0.022222222222222143,-0.013333333333333246,0.00444444444444435,False,False,False,False,True,-0.06495039984893862,-0.30069225918221976,-0.40609827103806134,-1.29784208382309,1.0,-0.30069225918221976,0.12211060656842807,-0.15848028408567016,-0.15848028408567016,Training
2026-03-25,2.25,2.29,2.25,2.28,2004689.0,2.25,0.013333333333333246,0.7499999999999944,3993671.25,0.5019664550506003,2.3245,2.477,-0.01914390191439028,-0.07953169156237387,0.20930232558139494,0.0,0.017857142857142672,0.008849557522123902,0.0,-0.004385964912280609,-0.03508771929824545,-0.03947368421052626,0.013157894736842216,False,False,False,False,True,-0.049337796738382074,-0.5543578038466811,1.145587361269975,-0.9235389397072121,1.0,-0.5543578038466811,-0.6350652937081378,0.5865075279960629,0.5865075279960629,Training
2026-03-26,2.28,2.35,2.27,2.28,5169460.0,2.28,0.0,0.12499999999999722,4110674.45,1.257569788821394,2.314,2.4696000000000002,-0.014693171996542891,-0.0767735665694851,0.20930232558139494,0.0,0.027027027027026848,0.013333333333333246,-0.004385964912280609,-0.03508771929824545,-0.026315789473684043,-0.03947368421052626,0.052631578947368474,False,False,False,False,True,-0.045733369283014,0.10135758030791586,-0.9432202206831707,-0.8371248728326349,1.0,0.10135758030791586,-0.0956025192659446,0.0800312467829834,0.0800312467829834,Training
2026-03-29,2.28,2.31,2.27,2.27,1704405.0,2.28,-0.004385964912280609,0.0,3749885.9,0.4545218295842015,2.3020000000000005,2.465,-0.013900955690703938,-0.07910750507099386,0.18604651162790709,0.0,0.02252252252252244,-0.00873362445414848,0.0,-0.030837004405286274,-0.03524229074889871,-0.004405286343612437,0.05286343612334806,False,False,False,False,True,-0.0465042303808489,-0.5955304263369992,-1.3609817370737924,-0.8556058225213596,1.0,-0.5955304263369992,0.8105060341164253,-0.6934736819787093,-0.6934736819787093,Training
2026-03-30,2.28,2.28,2.25,2.27,1887354.0,2.27,0.0,0.6666666666666716,3346273.6,0.5640166422733635,2.287,2.4554,-0.007433318758198471,-0.07550704569520242,0.1951219512195123,0.0,0.0,0.004424778761062049,-0.030837004405286274,-0.022026431718061595,-0.03524229074889871,0.017621145374449355,0.05286343612334806,False,False,False,False,True,-0.041470182226700444,-0.5005104205263993,0.8670796836762561,-0.7349174249245204,1.0,-0.5005104205263993,-0.4339824171067002,0.31894124044257527,0.31894124044257527,Training
2026-03-31,2.25,2.25,2.18,2.2,5720674.0,2.27,-0.030837004405286274,0.28571428571428664,3420601.85,1.6724173846774946,2.2725,2.4423999999999997,-0.03190319031903181,-0.09924664264657694,0.05555555555555562,0.0,-0.022222222222222143,-0.03508771929824545,0.0,-0.00454545454545465,0.027272727272727094,0.09090909090909079,0.07727272727272723,False,False,False,True,False,-0.06557491648280438,0.4613638673697855,-0.40609827103806134,-1.3128145094944093,1.0,0.4613638673697855,-0.18735906885830333,0.24596770408254273,0.24596770408254273,Training
2026-04-02,2.18,2.24,2.12,2.2,4701912.0,2.2,0.0,0.6666666666666666,3456913.95,1.360147249253919,2.2595,2.4268,-0.026333259570701432,-0.09345640349431344,0.21052631578947392,0.0,-0.03508771929824545,-0.01785714285714287,0.009090909090909097,-0.00454545454545465,0.04999999999999994,0.08636363636363634,0.07727272727272723,False,False,False,False,True,-0.059894831532507437,0.19037468209524,0.8670796836762393,-1.1766377527622875,1.0,0.19037468209524,0.16507001913110533,-0.19422761635885158,-0.19422761635885158,Training
2026-04-05,2.2,2.23,2.15,2.22,5367640.0,2.2,0.009090909090909097,0.8750000000000028,3491269.8,1.5374463468850217,2.2500000000000004,2.4173999999999998,-0.013333333333333442,-0.08165797964755506,0.38461538461538525,0.0,-0.026315789473684043,0.0,-0.013513513513513624,0.018018018018017834,0.08108108108108095,0.07657657657657654,0.07657657657657654,False,False,False,False,True,-0.04749565649044425,0.3442354986340772,1.5633488776606337,-0.8793746910023111,1.0,0.3442354986340772,0.5381601804405332,-0.47324444238464186,-0.47324444238464186,Training
2026-04-06,2.23,2.26,2.19,2.19,3687405.0,2.22,-0.013513513513513624,0.0,3405945.55,1.0826376833886848,2.2475,2.4066,-0.02558398220244721,-0.09000249314385445,0.3043478260869559,0.0,-0.03524229074889871,-0.013513513513513624,0.0,0.05479452054794526,0.09132420091324209,0.08219178082191789,0.07305936073059367,False,False,False,False,True,-0.057793237673150824,-0.05044915159511777,-1.3609817370737924,-1.1262532535444785,1.0,-0.05044915159511777,0.06866037397182247,-0.07732896957534569,-0.07732896957534569,Training
2026-04-07,2.21,2.3,2.16,2.19,14543773.0,2.19,0.0,0.21428571428571339,3964138.65,3.668835599380461,2.2435,2.3966000000000003,-0.02384666815244043,-0.08620545773178682,0.3043478260869559,0.0,-0.03524229074889871,-0.03524229074889871,0.03196347031963463,0.09589041095890409,0.09132420091324209,0.08219178082191789,0.07762557077625568,False,False,False,True,False,-0.055026062942113624,2.1938630214620436,-0.6448191375469994,-1.0599118372661835,1.0,2.1938630214620436,-1.4146448613954092,1.4993988341207738,1.4993988341207738,Training
2026-04-08,2.24,2.28,2.22,2.26,5630619.0,2.19,0.03196347031963463,0.6666666666666642,4089651.3,1.3767968432907716,2.245,2.39,0.006681514476614556,-0.05439330543933068,0.6086956521739117,0.0,0.027272727272727094,0.00444444444444435,0.022123893805309856,0.05752212389380546,0.04867256637168156,0.05752212389380546,0.03982300884955766,False,False,False,False,True,-0.02385589548135806,0.20482326174272544,0.8670796836762312,-0.3126250715320013,1.0,0.20482326174272544,0.1775980890014163,-0.055521615278014504,-0.055521615278014504,Training
2026-04-09,2.27,2.36,2.27,2.31,13309534.0,2.26,0.022123893805309856,0.44444444444444553,4562190.65,2.917355941711905,2.2475,2.3844,0.027808676307007785,-0.0312028183190739,0.7916666666666672,1.0,0.04999999999999994,0.013157894736842216,0.0389610389610389,0.03463203463203466,0.025974025974025997,0.01731601731601733,0.0,False,False,False,True,False,-0.0016970710060330574,1.5417261787704841,0.12439254342623249,0.21861994970458562,1.5,1.5417261787704841,0.19177924064406693,0.041926767943989536,0.06289015191598431,Training
2026-04-12,2.31,2.53,2.31,2.4,25853834.0,2.31,0.0389610389610389,0.4090909090909089,5657974.65,4.569450306745365,2.255,2.382,0.06430155210643017,0.007556675062972205,0.6829268292682927,1.0,0.08108108108108095,0.052631578947368474,-0.004166666666666578,-0.01249999999999992,-0.004166666666666578,-0.016666666666666684,-0.05416666666666663,False,False,False,True,False,0.03592911358470119,2.9754198151145657,0.006237771113726519,1.1206859981186084,1.5,2.9754198151145657,0.018559987773931138,0.020799918423497186,0.03119987763524578,Training
2026-04-13,2.41,2.41,2.32,2.39,10000537.0,2.4,-0.004166666666666578,0.7777777777777783,5891368.85,1.6974895401431198,2.26,2.3794000000000004,0.05752212389380546,0.0044549045977976464,0.6585365853658541,0.0,0.09132420091324209,0.05286343612334806,0.0,-0.00836820083682009,-0.01673640167364018,-0.01673640167364018,-0.03347280334728036,True,False,True,False,False,0.030988514245801554,0.48312157716003007,1.2384232538012467,1.0022379819055682,1.0,0.48312157716003007,0.5983089955681146,0.5996480002741347,0.5996480002741347,Training
2026-04-14,2.38,2.43,2.37,2.39,4120122.0,2.39,0.0,0.3333333333333333,5791536.15,0.7114040028913572,2.2664999999999997,2.3748,0.05448930068387399,0.006400538992757328,0.6585365853658541,0.0,0.09132420091324209,0.05286343612334806,-0.00836820083682009,0.0,-0.01255230125523023,-0.03347280334728036,-0.046025104602510594,False,False,False,False,True,0.030444919838315657,-0.3726071206496465,-0.2469510266987765,0.9892056198833631,1.0,-0.3726071206496465,0.0920157109997051,0.09102245843847168,0.09102245843847168,Training
2026-04-15,2.4,2.4,2.36,2.37,4499534.0,2.39,-0.00836820083682009,0.25000000000000555,5922572.1,0.7597263357925182,2.271,2.3712,0.043593130779392426,-0.0005060728744938714,0.609756097560976,0.0,0.04867256637168156,0.07727272727272723,0.0,-0.008438818565400852,-0.008438818565400852,-0.04219409282700425,-0.03375527426160341,False,False,False,False,True,0.02154352895244928,-0.3306728203820636,-0.5254587042925118,0.7757999134812464,1.0,-0.3306728203820636,0.17375491174270963,0.13479904549693575,0.13479904549693575,Training
2026-04-16,2.37,2.39,2.36,2.37,3856893.0,2.37,0.0,0.33333333333333826,5997273.9,0.6431076959816693,2.2775000000000003,2.3678,0.040614709110867085,0.0009291325280852276,0.609756097560976,0.0,0.025974025974025997,0.07727272727272723,0.008438818565400852,-0.00421940928270052,-0.025316455696202552,-0.025316455696202552,-0.025316455696202552,False,False,False,False,True,0.020771920819476156,-0.43187490987198845,-0.24695102669875998,0.7573010540564565,1.0,-0.43187490987198845,0.10665195239832198,0.08076763596842826,0.08076763596842826,Training
2026-04-19,2.38,2.42,2.36,2.39,3859064.0,2.37,0.008438818565400852,0.5000000000000037,6114201.35,0.6311640358392843,2.286,2.3648,0.04549431321084868,0.010656292286874296,0.6585365853658541,0.0,-0.004166666666666578,0.07657657657657654,-0.01673640167364018,-0.01673640167364018,-0.05020920502092054,-0.046025104602510594,-0.02092050209205032,False,False,False,False,True,0.02807530274886149,-0.4422396625781373,0.31006432848874377,0.9323954184933277,1.0,-0.4422396625781373,-0.13712274400837876,-0.12785261828464575,-0.12785261828464575,Training
2026-04-20,2.39,2.39,2.35,2.35,1630841.0,2.39,-0.01673640167364018,0.0,6136340.7,0.2657676748619906,2.2925,2.3616,0.025081788440567115,-0.004911924119241216,0.560975609756098,0.0,-0.01673640167364018,0.07305936073059367,0.004255319148936079,-0.017021276595744695,-0.017021276595744695,-0.025531914893617044,-0.008510638297872348,False,False,False,False,True,0.01008493216066295,-0.7593319840363133,-1.3609817370737924,0.5010866721370333,1.0,-0.7593319840363133,1.0334369626494309,0.5178414884774069,0.5178414884774069,Training
2026-04-21,2.36,2.37,2.34,2.36,1652256.0,2.35,0.004255319148936079,0.6666666666666617,6122867.45,0.26985003570508453,2.297,2.3602,0.027427078798432616,-8.473858147613676e-05,0.5853658536585364,0.0,-0.01255230125523023,0.07762557077625568,-0.00423728813559313,-0.03813559322033892,-0.0338983050847458,-0.021186440677966028,-0.021186440677966028,False,False,False,False,True,0.01367117010847824,-0.7557892961088681,0.867079683676223,0.5870646560715193,1.0,-0.7557892961088681,-0.6553295437959527,-0.3847208132420766,-0.3847208132420766,Training
2026-04-22,2.38,2.38,2.33,2.35,1624439.0,2.36,-0.00423728813559313,0.4000000000000018,6041249.25,0.26889123967199335,2.3020000000000005,2.3586,0.020851433536055425,-0.003646230814890164,0.560975609756098,0.0,-0.008438818565400852,0.03982300884955766,-0.017021276595744695,-0.017021276595744695,-0.025531914893617044,-0.004255319148936268,-0.012765957446808616,False,False,False,False,True,0.008602601360582631,-0.7566213428734408,-0.024144884623767248,0.4655486471734249,1.0,-0.7566213428734408,0.01826853502755907,0.008504891767920452,0.008504891767920452,Training
2026-04-23,2.37,2.37,2.31,2.31,2103031.0,2.35,-0.017021276595744695,0.0,6046166.35,0.347828835374336,2.3035,2.3548,0.0028217929238115694,-0.019024970273483925,0.46341463414634165,0.0,-0.025316455696202552,0.0,-0.01731601731601733,-0.012987012987013094,0.0,0.008658008658008665,0.01731601731601733,False,False,False,False,True,-0.008101588674836178,-0.6881190036475223,-1.3609817370737924,0.06507533686819067,1.0,-0.6881190036475223,0.9365173968976922,0.06094418508603834,0.06094418508603834,Training
2026-04-26,2.3,2.33,2.25,2.27,2353134.0,2.31,-0.01731601731601733,0.25,5905350.05,0.39847493883956975,2.303,2.3482,-0.014329135909682987,-0.033302103739034083,0.3658536585365854,0.0,-0.05020920502092054,-0.05416666666666663,0.017621145374449355,0.008810572687224677,0.030837004405286274,0.017621145374449355,0.030837004405286274,False,False,False,False,True,-0.023815619824358536,-0.644168126639199,-0.5254587042925304,-0.31165948591251796,1.0,-0.644168126639199,0.3384837491703801,-0.10549167125618233,-0.10549167125618233,Training
2026-04-27,2.25,2.38,2.23,2.31,5941936.0,2.27,0.017621145374449355,0.5333333333333341,6117226.6,0.9713447594045315,2.3049999999999997,2.3432000000000004,0.0021691973969632703,-0.014168658245135001,0.46341463414634165,0.0,-0.017021276595744695,-0.03347280334728036,-0.012987012987013094,0.0,0.008658008658008665,0.004329004329004236,0.01731601731601733,False,False,False,False,True,-0.005999730424085865,-0.14702956507711323,0.4214673995262357,0.11546617471699169,1.0,-0.14702956507711323,-0.061968168446524356,-0.007155227364738353,-0.007155227364738353,Training
2026-04-28,2.31,2.32,2.28,2.28,1798179.0,2.31,-0.012987012987013094,0.0,6112767.85,0.29416772305527683,2.3055,2.3376,-0.011060507482108036,-0.024640657084189048,0.39024390243902396,0.0,-0.0338983050847458,-0.046025104602510594,0.004385964912280803,0.026315789473684237,0.013157894736842216,0.03070175438596504,0.03070175438596504,False,False,False,False,True,-0.017850582283148543,-0.7346863165560812,-1.3609817370737924,-0.16865115535843683,1.0,-0.7346863165560812,0.9998946593108415,-0.168633389529504,-0.168633389529504,Training
2026-04-29,2.28,2.31,2.27,2.29,1857471.0,2.28,0.004385964912280803,0.5,5919607.7,0.31378278665324394,2.3099999999999996,2.3324000000000003,-0.008658008658008474,-0.01817870005144924,0.41463414634146356,0.0,-0.025531914893617044,-0.03375527426160341,0.00873362445414848,0.01746724890829696,0.013100436681222622,0.0218340611353711,0.03056768558951958,False,False,False,False,True,-0.013418354354728858,-0.7176642913908782,0.3100643284887315,-0.062391050153818364,1.0,-0.7176642913908782,-0.22252209659045397,0.013883387288707827,0.013883387288707827,Training
2026-04-30,2.3,2.32,2.28,2.31,2736471.0,2.29,0.00873362445414848,0.7500000000000056,5821335.65,0.470076141374875,2.3155,2.3280000000000003,-0.0023752969121140404,-0.007731958762886699,0.42105263157894784,0.0,0.0,-0.025316455696202552,0.012987012987012903,0.0,0.01731601731601733,0.01731601731601733,0.03463203463203466,False,False,False,False,True,-0.005053627837500369,-0.5820323366975803,1.145587361270012,0.1381484379057401,1.0,-0.5820323366975803,-0.6667688887712001,-0.09211308042788748,-0.09211308042788748,Training
2026-05-03,2.32,2.35,2.3,2.34,2885320.0,2.31,0.012987012987012903,0.7999999999999965,5697219.65,0.5064435246059014,2.3215,2.3254,0.007968985569674764,0.006278489722198213,0.4864864864864862,0.0,0.030837004405286274,-0.02092050209205032,-0.004273504273504183,-0.008547008547008555,0.0,0.004273504273504373,0.029914529914530037,False,False,False,False,True,0.007123737645936488,-0.5504725862303285,1.312691967826234,0.4300937435810409,1.0,-0.5504725862303285,-0.7226009424530863,-0.31078614445483616,-0.31078614445483616,Training
2026-05-04,2.34,2.36,2.31,2.33,2755738.0,2.34,-0.004273504273504183,0.4000000000000018,5650636.3,0.4876863159640977,2.3285,2.3228,0.0006441915396178041,0.0030997072498708867,0.4594594594594597,0.0,0.008658008658008665,-0.008510638297872348,-0.00858369098712447,0.00858369098712447,0.00858369098712447,0.01287553648068661,0.03862660944206003,False,False,False,False,True,0.0018719493947443454,-0.5667501616730529,-0.024144884623767248,0.30418515289106896,1.0,-0.5667501616730529,0.013684117264097297,0.004162505302158752,0.004162505302158752,Training
2026-05-05,2.31,2.33,2.29,2.31,2454197.0,2.33,-0.00858369098712447,0.5,5046157.5,0.4863496630852287,2.3345000000000002,2.3196,-0.010494752623688236,-0.004138644593895426,0.2903225806451612,0.0,0.013157894736842216,-0.021186440677966028,0.004329004329004236,0.012987012987012903,0.01731601731601733,0.03463203463203466,0.0389610389610389,False,False,False,False,True,-0.007316698608791831,-0.567910114014151,0.3100643284887315,0.08389262296874316,1.0,-0.567910114014151,-0.17608866814375668,-0.014772540245652312,-0.014772540245652312,Training
2026-05-06,2.3,2.34,2.29,2.32,2127622.0,2.31,0.004329004329004236,0.5999999999999982,4871007.65,0.43679299087120094,2.3375,2.3158,-0.007486631016042812,0.0018136281198721745,0.2999999999999997,0.0,0.013100436681222622,-0.012765957446808616,0.012931034482758728,0.012931034482758728,0.017241379310344845,0.038793103448275995,0.004310344827586307,False,False,False,False,True,-0.002836501448085319,-0.610915578529613,0.6442735416012303,0.1913027628177217,1.0,-0.610915578529613,-0.39359674339863826,-0.07529614444821738,-0.07529614444821738,Training
2026-05-07,2.32,2.36,2.28,2.35,3275947.0,2.32,0.012931034482758728,0.8750000000000028,4369328.3,0.7497598658356709,2.3395,2.3134,0.004488138491130563,0.015820869715570143,0.4000000000000006,0.0,0.01731601731601733,0.01731601731601733,-0.004255319148936268,0.0,0.017021276595744695,0.029787234042553123,-0.012765957446808616,False,False,False,False,True,0.010154504103350353,-0.3393217600893649,1.5633488776606337,0.5027546192888145,1.0,-0.3393217600893649,-0.5304782928015394,-0.26670041213841816,-0.26670041213841816,Training
2026-05-10,2.35,2.36,2.33,2.34,863501.0,2.35,-0.004255319148936268,0.3333333333333284,3119811.65,0.276779849834845,2.3365,2.3104,0.0014979670447249462,0.012811634349030406,0.5499999999999989,0.0,0.0,0.030837004405286274,0.004273504273504373,0.008547008547008555,0.029914529914530037,0.025641025641025664,-0.004273504273504183,False,False,False,False,True,0.0071548006968776764,-0.7497755776257332,-0.246951026698793,0.4308384622900726,1.0,-0.7497755776257332,0.1851578486883554,0.07977312280982897,0.07977312280982897,Training
2026-05-11,2.34,2.36,2.31,2.35,1639083.0,2.34,0.004273504273504373,0.8000000000000036,2701738.95,0.6066770440571247,2.3345000000000002,2.3072,0.006639537374169992,0.01855062413314848,0.6,0.0,0.00858369098712447,0.01731601731601733,0.0,0.017021276595744695,0.029787234042553123,-0.008510638297872348,0.008510638297872348,False,False,False,False,True,0.012595080753659236,-0.4634895651468571,1.3126919678262579,0.5612660351749158,1.0,-0.4634895651468571,-0.6084190293395644,-0.3414849363223881,-0.3414849363223881,Training
2026-05-12,2.35,2.37,2.33,2.35,2270821.0,2.35,0.0,0.5,2609273.9,0.8702884737397634,2.3325,2.3028,0.007502679528403031,0.020496786520757395,0.6315789473684218,0.0,0.01731601731601733,0.03070175438596504,0.004255319148936079,0.025531914893617044,0.021276595744680774,-0.012765957446808616,0.0,False,False,False,False,True,0.013999733024580213,-0.2347265857416764,0.3100643284887315,0.5949417622572069,1.0,-0.2347265857416764,-0.07278034118644555,-0.04330006444314469,-0.04330006444314469,Training
2026-05-13,2.34,2.36,2.34,2.36,744486.0,2.35,0.004255319148936079,1.0,2421521.5,0.307445546116357,2.332,2.3002,0.012006861063464849,0.025997739327015077,0.6842105263157892,0.0,0.017241379310344845,0.03056768558951958,0.012711864406779768,0.025423728813559344,-0.012711864406779579,-0.012711864406779579,-0.0169491525423729,False,False,False,False,True,0.019002300195239963,-0.7231637723055367,1.9811103940512556,0.7148754214535218,1.0,-0.7231637723055367,-1.4326672659158144,-1.0241786155242325,-1.0241786155242325,Training
2026-05-14,2.35,2.48,2.34,2.39,12407532.0,2.36,0.012711864406779768,0.3571428571428587,2849053.45,4.354966383659808,2.3329999999999997,2.2988,0.024432061723103467,0.039672872803201746,0.6400000000000006,0.0,0.017021276595744695,0.03463203463203466,0.00836820083682009,0.004184100418409952,-0.02928870292887041,-0.00836820083682009,-0.02510460251046027,False,False,False,True,False,0.032052467263152605,2.7892898687058154,-0.16737740452912722,1.027745641119476,1.0,2.7892898687058154,-0.4668640987033694,-0.47981754243756075,-0.47981754243756075,Training
2026-05-17,2.4,2.45,2.36,2.41,3485455.0,2.39,0.00836820083682009,0.5555555555555567,2830373.0,1.2314472332798538,2.334,2.2988,0.03256212510711228,0.04837306420741264,0.7200000000000006,1.0,0.029914529914530037,0.029914529914530037,0.004149377593360907,-0.033195020746887995,-0.033195020746887995,-0.024896265560165994,-0.029045643153527086,False,False,False,False,True,0.04046759465726246,0.07868832942393725,0.495736113551238,1.2294934610984016,1.5,0.07868832942393725,0.039008646610462175,0.04796087593386157,0.07194131390079236,Training
2026-05-18,2.41,2.44,2.39,2.42,3116148.0,2.41,0.004149377593360907,0.5999999999999982,2904638.35,1.0728178948680478,2.3375,2.3024,0.03529411764705883,0.0510771369006254,0.7599999999999998,1.0,0.029787234042553123,0.03862660944206003,-0.008264462809917363,-0.04132231404958681,-0.020661157024793316,-0.04132231404958681,-0.02892561983471068,False,False,False,False,True,0.04318562727384212,-0.05897080060636952,0.6442735416012303,1.2946567235595714,1.5,-0.05897080060636952,-0.03799332655772567,-0.04918831567835397,-0.07378247351753095,Training
2026-05-19,2.42,2.44,2.37,2.4,2606715.0,2.42,-0.008264462809917363,0.42857142857142677,2952361.3,0.8829254739248886,2.3395,2.305,0.025860226544133266,0.04121475054229924,0.6799999999999997,0.0,0.021276595744680774,0.0389610389610389,-0.0291666666666666,-0.0291666666666666,-0.02083333333333326,-0.0291666666666666,-0.01249999999999992,False,False,False,False,True,0.033537488543216254,-0.22376014996697044,0.07134346197979352,1.0633481687870736,1.0,-0.22376014996697044,-0.015963823751761454,-0.016975102753275132,-0.016975102753275132,Training
2026-05-20,2.39,2.41,2.3,2.33,3660161.0,2.4,-0.0291666666666666,0.2727272727272742,3054147.4,1.1984231671333219,2.3385,2.307,-0.003634808638015707,0.009969657563935905,0.40000000000000036,0.0,-0.012711864406779579,0.004310344827586307,-0.004291845493562331,0.01716738197424894,-0.004291845493562331,0.00429184549356214,0.00858369098712447,False,False,False,False,True,0.003167424462960099,0.05002992196091681,-0.4495020649487744,0.3352434195826125,1.0,0.05002992196091681,-0.022488553230658143,-0.007539139486511444,-0.007539139486511444,Training
2026-05-21,2.32,2.34,2.29,2.32,1558528.0,2.33,-0.004291845493562331,0.5999999999999982,3026922.25,0.5148886794168566,2.339,2.3082000000000003,-0.008123129542539602,0.005112208647430719,0.35999999999999943,0.0,-0.02928870292887041,-0.012765957446808616,0.004310344827586307,0.012931034482758728,0.004310344827586307,0.012931034482758728,0.012931034482758728,False,False,False,False,True,-0.0015054604475544411,-0.5431438494664561,0.6442735416012303,0.2232137021990592,1.0,-0.5431438494664561,-0.34993321149467915,-0.07810988766013371,-0.07810988766013371,Training
2026-05-31,2.34,2.34,2.3,2.33,1475015.0,2.32,0.004310344827586307,0.7500000000000056,2983016.3,0.4944709822738817,2.3419999999999996,2.3098,-0.005123825789922958,0.008745345917395444,0.40000000000000036,0.0,-0.033195020746887995,-0.004273504273504183,0.01716738197424894,-0.004291845493562331,0.00429184549356214,0.01716738197424894,0.00858369098712447,False,False,False,False,True,0.001810760063736243,-0.5608624030080941,1.145587361270012,0.30271817401378015,1.0,-0.5608624030080941,-0.6425168802976006,-0.1945015367767202,-0.1945015367767202,Training
2026-06-01,2.34,2.39,2.34,2.37,2237889.0,2.33,0.01716738197424894,0.6000000000000018,2797813.95,0.7998705560818294,2.345,2.3114,0.010660980810234503,0.025352600155749853,0.4761904761904767,0.0,-0.020661157024793316,0.008510638297872348,-0.008438818565400852,-0.016877637130801704,-0.008438818565400852,-0.008438818565400852,-0.00421940928270052,False,False,False,False,True,0.01800679048299218,-0.29583551666447916,0.6442735416012422,0.6910086509570447,1.0,-0.29583551666447916,-0.1905989960528573,-0.131705555136252,-0.131705555136252,Training
2026-06-02,2.37,2.39,2.35,2.35,811888.0,2.37,-0.008438818565400852,0.0,2748499.4,0.2953931880065173,2.3485,2.3132,0.0006387055567383678,0.01590869790766036,0.3809523809523814,0.0,-0.02083333333333326,0.0,-0.012765957446808616,-0.004255319148936268,0.008510638297872348,0.0,-0.004255319148936268,False,False,False,False,True,0.008273701732199363,-0.7336228535122372,-1.3609817370737924,0.45766346850522704,1.0,-0.7336228535122372,0.998447305530117,0.4569528569686115,0.4569528569686115,Testing
2026-06-03,2.35,2.36,2.31,2.32,1754406.0,2.35,-0.012765957446808616,0.19999999999999646,2743346.15,0.6395131726267937,2.35,2.314,-0.012765957446808616,0.002592912705272162,0.2,0.0,-0.004291845493562331,-0.0169491525423729,0.004310344827586307,0.012931034482758728,0.012931034482758728,0.012931034482758728,0.012931034482758728,False,False,False,False,True,-0.0050865223707682265,-0.43499425061223174,-0.6925633108487946,0.1373598104655115,1.0,-0.43499425061223174,0.30126105840419753,0.04138116188303996,0.04138116188303996,Testing
2026-06-04,2.32,2.36,2.32,2.33,1352070.0,2.32,0.004310344827586307,0.25000000000000555,2674126.1,0.505611908129538,2.351,2.3158,-0.00893236920459375,0.006131790310044138,0.2500000000000011,0.0,0.004310344827586307,-0.02510460251046027,0.00429184549356214,0.01716738197424894,0.00858369098712447,0.01287553648068661,0.00858369098712447,False,False,False,False,True,-0.0014002894472748065,-0.5511942661024203,-0.5254587042925118,0.225735116200025,1.0,-0.5511942661024203,0.28962982487963973,0.06537962217419836,0.06537962217419836,Testing
2026-06-07,2.34,2.38,2.33,2.34,1880805.0,2.33,0.00429184549356214,0.19999999999999646,2623900.35,0.7167974195361496,2.351,2.3182,-0.00467886005954918,0.009403847812958251,0.3,0.0,0.00429184549356214,-0.029045643153527086,0.004273504273504373,0.004273504273504373,0.004273504273504373,0.0,0.0,False,False,False,False,True,0.0023624938767045356,-0.36792669361990205,-0.6925633108487946,0.3159456735823458,1.0,-0.36792669361990205,0.25481252908304947,0.08050691613836515,0.08050691613836515,Testing
2026-06-08,2.34,2.36,2.33,2.35,1373365.0,2.34,0.004273504273504373,0.6666666666666716,2554781.7,0.5375664777933864,2.352,2.3207999999999998,-0.0008503401360543282,0.012581868321268674,0.3500000000000011,0.0,-0.008438818565400852,-0.02892561983471068,0.008510638297872348,0.0,0.004255319148936079,0.0,-0.004255319148936268,False,False,False,False,True,0.005865764092607173,-0.5234639716659731,0.8670796836762561,0.39993455405374106,1.0,-0.5234639716659731,-0.4538849749680487,-0.18152428505553997,-0.18152428505553997,Testing
2026-06-09,2.36,2.39,2.35,2.37,1409627.0,2.35,0.008510638297872348,0.5,2502553.2,0.5632755379585936,2.3549999999999995,2.3228,0.006369426751592599,0.02032030308248671,0.4500000000000011,0.0,0.008510638297872348,-0.01249999999999992,-0.008438818565400852,-0.008438818565400852,-0.01265822784810137,-0.008438818565400852,-0.01265822784810137,False,False,False,False,True,0.013344864917039654,-0.5011535536079234,0.3100643284887315,0.5792416775309188,1.0,-0.5011535536079234,-0.15538984006918224,-0.0900082716329343,-0.0900082716329343,Testing
2026-06-10,2.38,2.38,2.34,2.35,928973.0,2.37,-0.008438818565400852,0.25000000000000555,2442620.75,0.38031814803833136,2.3565,2.3248,-0.0027583280288563336,0.010839642119752187,0.3500000000000011,0.0,0.012931034482758728,0.00858369098712447,0.0,0.004255319148936079,0.0,-0.004255319148936268,-0.004255319148936268,False,False,False,False,True,0.004040657045447927,-0.6599246572461169,-0.5254587042925118,0.356178666501726,1.0,-0.6599246572461169,0.34676315532722457,0.12350963825638174,0.12350963825638174,Testing
2026-06-11,2.36,2.37,2.34,2.35,1244918.0,2.35,0.0,0.33333333333333826,2341069.3,0.5317732371271539,2.3565,2.3262,-0.0027583280288563336,0.010231278479924359,0.3157894736842109,0.0,0.00858369098712447,0.012931034482758728,0.0,-0.004255319148936268,0.0,-0.004255319148936268,0.0,False,False,False,False,True,0.003736475225534013,-0.5284913674690084,-0.24695102669875998,0.3488860830183425,1.0,-0.5284913674690084,0.13051148579790325,0.045533641068934504,0.045533641068934504,Testing
2026-06-14,2.36,2.38,2.34,2.35,739052.0,2.35,0.0,0.25000000000000555,2334846.85,0.3165312534310334,2.357,2.3276,-0.0029698769622401853,0.009623646674686457,0.3157894736842109,0.0,0.004273504273504373,0.00858369098712447,0.004255319148936079,0.0,-0.004255319148936268,-0.004255319148936268,-0.004255319148936268,False,False,False,False,True,0.0033268848562231362,-0.715279161695856,-0.5254587042925118,0.33906639043107734,1.0,-0.715279161695856,0.3758496615121386,0.12743798807366305,0.12743798807366305,Testing
2026-06-15,2.35,2.37,2.34,2.36,775676.0,2.35,0.004255319148936079,0.6666666666666617,2291676.5,0.3384753476330538,2.3575,2.3294,0.0010604453870625436,0.013136429981969493,0.3684210526315782,0.0,0.004255319148936079,-0.00421940928270052,-0.00847457627118645,-0.00423728813559313,-0.00847457627118645,-0.00847457627118645,0.004237288135593318,False,False,False,False,True,0.0070984376845160185,-0.6962359951076482,0.867079683676223,0.42948719161538634,1.0,-0.6962359951076482,-0.6036920864019399,-0.25927801878920237,-0.25927801878920237,Testing
2026-06-16,2.36,2.37,2.34,2.34,984849.0,2.36,-0.00847457627118645,0.0,2227377.9,0.44215622324348286,2.357,2.3308,-0.007212558336869048,0.003947142611978666,0.26315789473684126,0.0,-0.01265822784810137,-0.004255319148936268,0.004273504273504373,0.0,0.0,0.004273504273504373,0.029914529914530037,False,False,False,False,True,-0.001632707862445191,-0.6062613455238492,-1.3609817370737924,0.22016301890576392,1.0,-0.6062613455238492,0.825110619151743,0.18165884484365177,0.18165884484365177,Testing
2026-06-17,2.36,2.41,2.34,2.35,4746151.0,2.34,0.004273504273504373,0.14285714285714557,2427461.15,1.955191332310303,2.3565,2.3338,-0.0027583280288563336,0.006941468849087321,0.3157894736842109,0.0,0.0,0.012931034482758728,0.0,-0.004255319148936268,-0.004255319148936268,-0.004255319148936268,0.017021276595744695,False,False,False,True,False,0.0020915704101154937,0.706756151143383,-0.8835400040559194,0.3094504399149708,1.0,0.706756151143383,-0.6244473326477705,-0.1932355017915827,-0.1932355017915827,Testing
2026-06-18,2.36,2.39,2.34,2.35,2057589.0,2.35,0.0,0.20000000000000356,1909964.0,1.0772920327294127,2.3545000000000003,2.3368,-0.0019112338076025357,0.005648750427935586,0.375,0.0,0.0,0.00858369098712447,-0.004255319148936268,-0.004255319148936268,0.0,0.008510638297872348,0.029787234042553123,False,False,False,False,True,0.0018687583101665254,-0.05508812712492163,-0.6925633108487709,0.3041086484809998,1.0,-0.05508812712492163,0.038152015710093704,0.011602357934422467,0.011602357934422467,Testing
2026-06-21,2.35,2.37,2.34,2.34,979899.0,2.35,-0.004255319148936268,0.0,1784686.2,0.5490595489560014,2.351,2.3392,-0.00467886005954918,0.00034199726402185014,0.33333333333333237,0.0,-0.004255319148936268,0.0,0.0,0.0,0.0,0.029914529914530037,0.076923076923077,False,False,False,False,True,-0.0021684313977636646,-0.5134902417528171,-1.3609817370737924,0.20731935649875677,1.0,-0.5134902417528171,0.6988508411911907,0.14488530668437252,0.14488530668437252,Testing
2026-06-22,2.36,2.39,2.33,2.34,2657368.0,2.34,0.0,0.16666666666666297,1761747.2,1.5083707810064917,2.347,2.3422,-0.0029825308904985587,-0.0009392878490309119,0.33333333333333237,0.0,-0.00847457627118645,-0.004255319148936268,0.0,0.004273504273504373,0.012820512820512928,0.021367521367521482,0.029914529914530037,False,False,False,True,False,-0.001960909369764735,0.31900361439342895,-0.8039663818862968,0.21229457728694046,1.0,0.31900361439342895,-0.25646818167253643,-0.05444680421572137,-0.05444680421572137,Testing
2026-06-23,2.35,2.36,2.33,2.34,1705831.0,2.34,0.0,0.3333333333333284,1716703.0,0.9936669301562355,2.344,2.3451999999999997,-0.0017064846416382268,-0.002217294900221675,0.4166666666666648,0.0,0.0,-0.01265822784810137,0.0,0.0,0.029914529914530037,0.03418803418803422,-0.012820512820512739,False,False,False,False,True,-0.0019618897709299506,-0.12765830225251307,-0.246951026698793,0.2122710727351347,1.0,-0.12765830225251307,0.03152534880788294,0.006691919609798613,0.006691919609798613,Testing
2026-06-24,2.34,2.36,2.33,2.34,1681381.0,2.34,0.0,0.3333333333333284,1617764.0,1.039324029957398,2.3445,2.3468,-0.0019193857965451784,-0.002897562638486509,0.4166666666666648,0.0,-0.004255319148936268,-0.004255319148936268,0.004273504273504373,0.012820512820512928,0.021367521367521482,0.076923076923077,-0.025641025641025664,False,False,False,False,True,-0.0024084742175158437,-0.08803690118470686,-0.246951026698793,0.20156446850734105,1.0,-0.08803690118470686,0.021740803134943545,0.00438217342881763,0.00438217342881763,Testing
2026-06-25,2.34,2.37,2.33,2.35,3445253.0,2.34,0.004273504273504373,0.5,1712100.25,2.0122963009905526,2.346,2.3476,0.001705029838022167,0.0010223206679162464,0.45454545454545564,0.0,0.0,0.0,-0.004255319148936268,0.025531914893617044,0.029787234042553123,0.025531914893617044,-0.042553191489361736,False,False,False,False,True,0.0013636752529692067,0.7563120554145314,0.3100643284887315,0.29199957384367764,1.0,0.7563120554145314,0.23450538959003897,0.06847547382433698,0.06847547382433698,Testing
2026-06-28,2.34,2.37,2.33,2.34,1195799.0,2.35,-0.004255319148936268,0.24999999999999445,1698139.45,0.70418186209619,2.3465,2.3464,-0.002770083102493054,-0.002727582679850061,0.29999999999999777,0.0,0.0,-0.004255319148936268,0.012820512820512928,0.021367521367521482,0.076923076923077,-0.012820512820512739,0.04700854700854715,False,False,False,False,True,-0.0027488328911715572,-0.37887452130057875,-0.5254587042925489,0.1934045658457341,1.0,-0.37887452130057875,0.19908291505206183,0.03850354475294718,0.03850354475294718,Testing
2026-06-29,2.34,2.38,2.33,2.37,3596324.0,2.34,0.012820512820512928,0.8000000000000036,1766061.2,2.0363529870878767,2.3465,2.346,0.010014915832090476,0.010230179028133002,0.6,0.0,0.012820512820512928,0.004237288135593318,0.016877637130801704,0.021097046413502032,0.016877637130801704,-0.037974683544303924,-0.01265822784810137,True,False,False,False,False,0.010122547430111739,0.7771885371090635,1.3126919678262579,0.5019884765012221,1.0,0.7771885371090635,1.0202091501497073,0.5121332369962581,0.5121332369962581,Testing
2026-06-30,2.4,2.44,2.35,2.41,13691419.0,2.37,0.016877637130801704,0.6666666666666683,2410037.75,5.6809977354089165,2.3495,2.3464,0.02575015960842742,0.027105352881009247,0.7692307692307705,1.0,0.029914529914530037,0.029914529914530037,-0.008298755186721999,0.0456431535269709,-0.04149377593360999,-0.06639004149377599,-0.033195020746887995,False,False,False,False,True,0.026427756244718333,3.940024809053448,0.8670796836762449,0.8928964424282195,1.5,3.940024809053448,3.4163154651106207,3.0504159250097813,4.575623887514672,Testing
2026-07-01,2.42,2.47,2.36,2.39,10839010.0,2.41,-0.008298755186721999,0.2727272727272742,2864267.95,3.784216487148138,2.353,2.3468,0.015724606884827845,0.01840804499744338,0.46666666666666745,0.0,0.021367521367521482,0.017021276595744695,0.012552301255230044,0.00836820083682009,-0.046025104602510594,0.02510460251046027,-0.02092050209205032,False,False,False,True,False,0.017066325941135614,2.2939909851240343,-0.4495020649487744,0.6684615566349971,1.0,2.2939909851240343,-1.0311536847871268,-0.6892865972627159,-0.6892865972627159,Testing
2026-07-02,2.4,2.45,2.37,2.42,7885550.0,2.39,0.012552301255230044,0.6249999999999972,3190941.95,2.471229537723179,2.3575,2.3478,0.026511134676564158,0.030752193542891236,0.6428571428571412,1.0,0.029787234042553123,0.029787234042553123,0.04132231404958681,-0.04545454545454541,-0.0702479338842975,-0.03305785123966945,-0.02892561983471068,False,False,False,False,True,0.028631664109727697,1.1545760256430315,0.7278258448793532,0.9457338608505798,1.5,1.1545760256430315,0.8403302713410852,0.7947287919050198,1.1920931878575296,Testing
2026-07-05,2.47,2.55,2.46,2.52,14025972.0,2.42,0.04132231404958681,0.6666666666666683,3798200.3,3.692794189922001,2.3665,2.3504,0.06486372279738019,0.0721579305650102,0.8636363636363644,1.0,0.076923076923077,0.076923076923077,-0.0436507936507936,-0.09523809523809532,-0.027777777777777714,-0.07539682539682538,-0.08730158730158738,False,False,False,False,True,0.0685108266811952,2.214654375468317,0.8670796836762449,1.9018137553760235,1.5,2.214654375468317,1.9202818153332797,3.652018370599272,5.478027555898908,Testing
2026-07-06,2.52,2.52,2.38,2.41,5368339.0,2.52,-0.0436507936507936,0.21428571428571588,3997949.0,1.3427732569875204,2.3695,2.3516,0.017092213547161936,0.02483415546861721,0.36363636363636437,0.0,0.016877637130801704,0.029914529914530037,-0.04149377593360999,-0.06639004149377599,-0.029045643153527086,-0.029045643153527086,-0.029045643153527086,False,False,False,False,True,0.020963184507889573,0.17529746696913998,-0.644819137546991,0.7618864905414163,1.0,0.17529746696913998,-0.11303516146521299,-0.08611996247651346,-0.08611996247651346,Testing
2026-07-07,2.44,2.44,2.31,2.31,7202285.0,2.41,-0.04149377593360999,0.0,4287581.9,1.679801148521501,2.3665000000000003,2.3506,-0.023874920769068334,-0.01727218582489576,0.0,0.0,-0.04149377593360999,-0.012820512820512739,-0.012987012987013094,0.060606060606060656,0.008658008658008665,0.01731601731601733,0.004329004329004236,False,False,False,True,False,-0.020573553296982044,0.4677715251037946,-1.3609817370737924,-0.23393281304210203,1.0,0.4677715251037946,-0.6366285027894195,0.14892829652031062,0.14892829652031062,Testing
2026-07-08,2.3,2.3,2.24,2.28,3954362.0,2.31,-0.012987012987013094,0.6666666666666642,4438851.35,0.8908525400383143,2.363,2.3491999999999997,-0.035124841303427926,-0.029456836369827998,0.129032258064515,0.0,-0.046025104602510594,-0.025641025641025664,-0.013157894736842021,0.026315789473684237,0.026315789473684237,0.008771929824561412,0.02192982456140363,False,False,False,False,True,-0.032290838836627964,-0.21688101250228514,0.8670796836762312,-0.5148479677370602,1.0,-0.21688101250228514,-0.18805311971586214,0.09681876651232571,0.09681876651232571,Testing
2026-07-09,2.29,2.29,2.25,2.25,1506689.0,2.28,-0.013157894736842021,0.0,4451939.9,0.3384342632298338,2.3579999999999997,2.348,-0.04580152671755711,-0.04173764906303231,0.032258064516128386,0.0,-0.0702479338842975,-0.042553191489361736,0.08888888888888896,0.03555555555555559,0.04444444444444448,0.03999999999999994,0.03555555555555559,False,False,False,False,True,-0.04376958789029471,-0.6962716483056107,-1.3609817370737924,-0.7900443479229818,1.0,-0.6962716483056107,0.9476129973862027,-0.7486562926033249,-0.7486562926033249,Testing
2026-07-12,2.26,2.47,2.26,2.45,12835399.0,2.25,0.08888888888888896,0.9047619047619049,5056757.25,2.5382667914304173,2.363,2.3516,0.0368176047397377,0.0418438509950673,0.6774193548387104,0.0,-0.027777777777777714,0.04700854700854715,-0.0448979591836736,-0.0448979591836736,-0.061224489795918505,-0.053061224489796055,-0.061224489795918505,True,False,True,False,False,0.0393307278674025,1.21275120381217,1.6628159053726799,1.2022377362924732,1.0,1.21275120381217,2.016581990958741,2.4244109678584054,2.4244109678584054,Testing
2026-07-13,2.45,2.45,2.34,2.34,7811478.0,2.45,-0.0448979591836736,0.0,5408547.35,1.4442839258863105,2.362,2.3522,-0.009314140558848535,-0.005186633789643734,0.3225806451612896,0.0,-0.029045643153527086,-0.01265822784810137,-0.004273504273504183,0.004273504273504373,0.0,-0.004273504273504183,-0.008547008547008555,False,False,False,False,True,-0.0072503871742461345,0.2633888030946518,-1.3609817370737924,0.08548240132059955,1.0,0.2633888030946518,-0.3584673507615463,-0.030642649938130626,-0.030642649938130626,Testing
2026-07-14,2.35,2.37,2.3,2.33,4190890.0,2.34,-0.004273504273504183,0.4285714285714304,5568849.4,0.7525594066163829,2.3615000000000004,2.3531999999999997,-0.013338979462206352,-0.009858915519292737,0.2903225806451612,0.0,0.008658008658008665,-0.033195020746887995,0.00429184549356214,-0.012875536480686801,-0.004291845493562331,0.0,-0.012875536480686801,False,False,False,False,True,-0.011598947490749544,-0.33689230818459354,0.07134346197980558,-0.018771821201985325,1.0,-0.33689230818459354,-0.024035063580256495,0.0004511819161069242,0.0004511819161069242,Testing
2026-07-15,2.34,2.43,2.33,2.34,3872906.0,2.33,0.00429184549356214,0.09999999999999779,5525187.15,0.7009547178867959,2.3609999999999998,2.3542,-0.008894536213468831,-0.006031773001444318,0.3225806451612896,0.0,0.026315789473684237,-0.02092050209205032,0.004273504273504373,0.0,-0.004273504273504183,-0.01709401709401711,-0.01709401709401711,False,False,False,False,True,-0.007463154607456574,-0.38167504905159455,-1.0267725239612948,0.08038142497141637,1.0,-0.38167504905159455,0.3918934534477567,0.03150095422510011,0.03150095422510011,Testing
2026-07-16,2.35,2.37,2.33,2.35,1908414.0,2.34,0.004273504273504373,0.5,5517728.4,0.3458695067339668,2.3609999999999998,2.355,-0.004659042778483557,-0.0021231422505307404,0.35483870967741943,0.0,0.04444444444444448,-0.02892561983471068,-0.021276595744680965,-0.012765957446808616,-0.008510638297872348,-0.012765957446808616,-0.017021276595744695,False,False,False,False,True,-0.0033910925145071488,-0.6898193163310216,0.3100643284887315,0.17800676224752157,1.0,-0.6898193163310216,-0.21388836309673406,-0.03807357499727191,-0.03807357499727191,Testing
2026-07-19,2.34,2.35,2.3,2.3,2108966.0,2.35,-0.021276595744680965,0.0,5574181.75,0.37834539571660003,2.3589999999999995,2.3542,-0.025010597710894332,-0.023022682864667507,0.1935483870967732,0.0,-0.061224489795918505,-0.08730158730158738,0.017391304347826105,0.013043478260869674,0.0,0.0,0.008695652173913052,False,False,False,False,True,-0.02401664028778092,-0.6616366190502428,-1.3609817370737924,-0.3164788354442916,1.0,-0.6616366190502428,0.9004753551066306,-0.2849813917304314,-0.2849813917304314,Testing
2026-07-20,2.3,2.37,2.3,2.34,5505159.0,2.3,0.017391304347826105,0.5714285714285696,5716571.3,0.9630176396120521,2.359,2.3544,-0.008054260279779622,-0.006116207951070417,0.3225806451612896,0.0,0.0,-0.029045643153527086,-0.008547008547008555,-0.004273504273504183,-0.008547008547008555,-0.01709401709401711,0.076923076923077,False,False,False,False,True,-0.0070852341154250195,-0.15425587061282076,0.5487851949976574,0.0894418505386034,1.0,-0.15425587061282076,-0.08465333803379026,-0.007571551208012139,-0.007571551208012139,Testing
2026-07-21,2.34,2.36,2.3,2.32,2231038.0,2.34,-0.008547008547008555,0.3333333333333333,5742831.65,0.3884909285125918,2.358,2.3545999999999996,-0.016115351993214698,-0.014694640278603477,0.25806451612903136,0.0,-0.004291845493562331,0.004329004329004236,0.004310344827586307,-0.008620689655172422,-0.008620689655172422,-0.004310344827586115,0.07327586206896568,False,False,False,False,True,-0.015404996135909087,-0.6528322879449558,-0.2469510266987765,-0.1100196396761469,1.0,-0.6528322879449558,0.16121760377011815,-0.01773710267624022,-0.01773710267624022,Testing
2026-07-22,2.32,2.35,2.3,2.33,913666.0,2.32,0.004310344827586307,0.6000000000000018,5704445.9,0.16016735297638635,2.3575,2.3548,-0.011664899257688169,-0.010531679972821442,0.2903225806451612,0.0,-0.004273504273504183,0.02192982456140363,0.0,-0.004291845493562331,-0.012875536480686801,-0.004291845493562331,0.04291845493562235,False,False,False,False,True,-0.011098289615254806,-0.8509723362387198,0.6442735416012422,-0.0067688377406722134,1.0,-0.8509723362387198,-0.5482589608732031,0.0037110759460202676,0.0037110759460202676,Testing
2026-07-23,2.33,2.35,2.31,2.33,875126.0,2.33,0.0,0.5,5575939.55,0.15694682342817007,2.3564999999999996,2.3544,-0.011245491194568016,-0.01036357458375806,0.2903225806451612,0.0,-0.008510638297872348,0.03555555555555559,-0.012875536480686801,-0.012875536480686801,-0.00858369098712447,0.08154506437768237,0.06437768240343343,False,False,False,False,True,-0.010804532889163037,-0.8537671237621566,0.3100643284887315,0.00027381013827053086,1.0,-0.8537671237621566,-0.2647227299150688,-7.248376728139738e-05,-7.248376728139738e-05,Testing
2026-07-26,2.34,2.35,2.3,2.3,1526785.0,2.33,-0.012875536480686801,0.0,5592488.85,0.27300635565862597,2.3545000000000003,2.3536,-0.023147165003185574,-0.022773623385452205,0.1935483870967732,0.0,0.0,-0.061224489795918505,0.008695652173913052,0.0,0.008695652173913052,0.08260869565217409,0.052173913043478314,False,False,False,False,True,-0.02296039419431889,-0.7530502299105724,-1.3609817370737924,-0.2911559452802786,1.0,-0.7530502299105724,1.0248876100075095,-0.29840212089778195,-0.29840212089778195,Testing
2026-07-27,2.31,2.34,2.31,2.32,1032169.0,2.3,0.008695652173913052,0.3333333333333284,5464281.1,0.188893832712962,2.352,2.3529999999999998,-0.013605442176870762,-0.014024649383765372,0.25806451612903136,0.0,-0.008547008547008555,-0.008547008547008555,-0.008620689655172422,-0.004310344827586115,0.08620689655172423,0.04741379310344842,0.012931034482758728,False,False,False,False,True,-0.013815045780318067,-0.8260433902507819,-0.246951026698793,-0.07190149801382022,1.0,-0.8260433902507819,0.20399226332018233,-0.01466734931595078,-0.01466734931595078,Testing
2026-07-28,2.32,2.33,2.28,2.3,1444582.0,2.32,-0.008620689655172422,0.39999999999999825,4851939.25,0.29773291163940274,2.3465,2.3520000000000003,-0.0198167483486043,-0.02210884353741517,0.1935483870967732,0.0,-0.008620689655172422,-0.012875536480686801,0.0,0.008695652173913052,0.08260869565217409,0.07826086956521747,0.021739130434782726,False,False,False,False,True,-0.020962795943009736,-0.7315924326390301,-0.02414488462377912,-0.24326468071339613,1.0,-0.7315924326390301,0.01766421487769928,-0.004297079592276337,-0.004297079592276337,Testing
2026-07-29,2.3,2.33,2.27,2.3,2984815.0,2.3,0.0,0.4999999999999963,4459229.5,0.6693566680073317,2.342,2.3508,-0.01793339026473111,-0.02160966479496349,0.1935483870967732,0.0,-0.012875536480686801,-0.01709401709401711,0.004347826086956622,0.09565217391304356,0.056521739130434935,0.052173913043478314,0.03043478260869578,False,False,False,False,True,-0.019771527529847302,-0.40909595429277495,0.31006432848871907,-0.21470470840287625,1.0,-0.40909595429277495,-0.12684606235524098,0.027234446830035074,0.027234446830035074,Testing
2026-07-30,2.3,2.33,2.3,2.31,1255294.0,2.3,0.004347826086956622,0.33333333333333826,4127716.7,0.3041134097211662,2.3365,2.3492,-0.011341750481489393,-0.016686531585220554,0.225806451612903,0.0,-0.00858369098712447,-0.017021276595744695,0.004329004329004236,0.07792207792207799,0.07359307359307356,0.01731601731601733,0.01731601731601733,False,False,False,False,True,-0.014014141033354972,-0.7260554126659945,-0.24695102669875998,-0.07667469173831011,1.0,-0.7260554126659945,0.17930012959805922,-0.013747782165570243,-0.013747782165570243,Testing
2026-08-02,2.31,2.34,2.3,2.32,1851784.0,2.31,0.004329004329004236,0.5,3519007.3,0.5262234039696366,2.3265000000000002,2.3474,-0.0027938964109178567,-0.011672488710914242,0.2857142857142846,0.0,0.008695652173913052,0.008695652173913052,0.08620689655172423,0.04741379310344842,0.043103448275862113,0.012931034482758728,0.008620689655172422,False,False,False,False,True,-0.007233192560916049,-0.5333075333304195,0.3100643284887315,0.08589463224620067,1.0,-0.5333075333304195,-0.16535964220007832,-0.014203505655139052,-0.014203505655139052,Testing
2026-08-03,2.32,2.55,2.32,2.52,16880124.0,2.32,0.08620689655172423,0.8695652173913052,4094596.55,4.122536565904155,2.332,2.3494,0.08061749571183541,0.07261428449816969,0.9032258064516134,1.0,0.08620689655172423,0.076923076923077,-0.011904761904761828,-0.015873015873015886,-0.06746031746031743,-0.059523809523809486,-0.0714285714285715,True,True,True,False,False,0.07661589010500255,2.5875864081373594,1.5451853334697303,2.0961279707126326,1.5,2.5875864081373594,3.9983005669394673,8.380949653677995,12.571424480516992,Testing
2026-08-04,2.51,2.6,2.46,2.49,11156490.0,2.52,-0.011904761904761828,0.21428571428571588,4292306.8,2.599182798396424,2.3409999999999997,2.3512,0.06364801366937227,0.05903368492684598,0.6944444444444446,0.0,0.08260869565217409,0.07327586206896568,-0.024096385542168693,-0.028112449799196897,-0.05622489959839362,-0.05622489959839362,,False,False,False,True,False,0.061340849298109124,1.2656143412860918,-0.644819137546991,1.7299176879025462,1.0,1.2656143412860918,-0.8160923480152009,-1.4117725877934164,-1.4117725877934164,Testing
2026-08-05,2.5,2.57,2.41,2.43,8283908.0,2.49,-0.024096385542168693,0.12500000000000036,4508784.1,1.8372820290951613,2.3485,2.3531999999999997,0.03470300191611672,0.03263640999490074,0.5142857142857146,0.0,0.056521739130434935,0.04291845493562235,0.020576131687242726,-0.0329218106995885,-0.024691358024691377,-0.03703703703703716,,False,False,False,True,False,0.033669705955508736,0.6044340191494942,-0.9432202206831601,1.0665180048981626,1.0,0.6044340191494942,-0.5701143889305954,-0.6080372606459937,-0.6080372606459937,Testing
2026-08-06,2.43,2.52,2.42,2.48,4052063.0,2.43,0.020576131687242726,0.6,4636052.8,0.8740329704614236,2.3600000000000003,2.3564,0.050847457627118495,0.05245289424545924,0.6470588235294118,0.0,0.07359307359307356,0.06437768240343343,-0.024193548387096794,-0.05241935483870964,-0.05241935483870964,-0.05645161290322586,,False,False,False,False,True,0.05165017593628887,-0.23147709755578405,0.6442735416012362,1.4975893899086825,1.0,-0.23147709755578405,-0.14913456944183984,-0.22334234886469898,-0.22334234886469898,Testing
2026-08-09,2.46,2.5,2.41,2.42,1657419.0,2.48,-0.024193548387096794,0.11111111111110891,4077153.8,0.4065137302399532,2.3585000000000003,2.3582,0.02607589569641707,0.0262064286320074,0.4545454545454542,0.0,0.043103448275862113,0.052173913043478314,-0.02892561983471068,-0.020661157024793316,-0.03305785123966945,,,False,False,False,False,True,0.026141162164212237,-0.6371920335548346,-0.9896381669487945,0.886025514841141,1.0,-0.6371920335548346,0.6305895560815812,0.5587184360806295,0.5587184360806295,Testing
2026-08-10,2.42,2.42,2.34,2.35,2432475.0,2.42,-0.02892561983471068,0.12500000000000278,3808203.65,0.6387460397502639,2.3589999999999995,2.3578,-0.0038151759220006166,-0.003308168631775396,0.2424242424242426,0.0,-0.06746031746031743,0.012931034482758728,0.0,0.0,-0.004255319148936268,,,False,False,False,False,True,-0.0035616722768880065,-0.43565997137648654,-0.9432202206831521,0.17391721094530965,1.0,-0.43565997137648654,0.4109232943445454,0.07146663326486187,0.07146663326486187,Testing
2026-08-11,2.35,2.38,2.33,2.35,1289834.0,2.35,0.0,0.4000000000000018,3663150.85,0.35211053347693827,2.36,2.3578,-0.00423728813559313,-0.003308168631775396,0.2424242424242426,0.0,-0.05622489959839362,0.021739130434782726,0.008510638297872348,-0.004255319148936268,,,,False,False,False,False,True,-0.003772728383684263,-0.6844033301046716,-0.024144884623767248,0.16885726265870524,1.0,-0.6844033301046716,0.016524839441499385,0.0027903391539661937,0.0027903391539661937,Testing
2026-08-12,2.35,2.4,2.34,2.37,1692401.0,2.35,0.008510638297872348,0.5000000000000037,3554125.6,0.476179288655415,2.3615000000000004,2.3588,0.0035994071564682314,0.004748177039172502,0.30303030303030326,0.0,-0.024691358024691377,0.03043478260869578,-0.008438818565400852,-0.01265822784810137,,,,False,False,False,False,True,0.004173792097820367,-0.5767360027816882,0.31006432848874377,0.35937050250384295,1.0,-0.5767360027816882,-0.17882526141778643,-0.06426452405609098,-0.06426452405609098,Testing
2026-08-13,2.37,2.41,2.35,2.35,1530346.0,2.37,-0.008438818565400852,0.0,3535222.2,0.43288537846362246,2.3615000000000004,2.3592,-0.00486978615286906,-0.003899626992200693,0.2424242424242426,0.0,-0.05241935483870964,0.01731601731601733,-0.004255319148936268,,,,,False,False,False,False,True,-0.004384706572534877,-0.6143066191145926,-1.3609817370737924,0.15418543896632933,1.0,-0.6143066191145926,0.8360600895785069,0.1289082919138907,0.1289082919138907,Testing
2026-08-16,2.41,2.41,2.33,2.34,1764764.0,2.35,-0.004255319148936268,0.12499999999999722,3518012.1,0.5016367055701713,2.3635,2.3592,-0.009942881320076284,-0.008138351983723341,0.2121212121212116,0.0,-0.03305785123966945,0.008620689655172422,0.0,,,,,False,False,False,False,True,-0.009040616651899813,-0.5546439616725807,-0.9432202206831707,0.04256268335751281,1.0,-0.5546439616725807,0.5231513999293996,0.022266727383234586,0.022266727383234586,Testing
2026-08-17,2.34,2.35,2.32,2.34,843837.0,2.34,0.0,0.6666666666666617,3284946.0,0.2568800217720474,2.3634999999999997,2.359,-0.009942881320076098,-0.008054260279779622,0.2121212121212116,0.0,-0.004255319148936268,-0.0714285714285715,,,,,,False,False,False,False,True,-0.008998570799927861,-0.7670447224529395,0.867079683676223,0.04357070837926535,1.0,-0.7670447224529395,-0.665088895310011,-0.028978394303840232,-0.028978394303840232,Testing
