date,open,high,low,close,volume
2025-12-18,25.88,25.98,25.2,25.5,28306.0
2025-12-21,25.62,26.18,25.5,25.82,21991.0
2025-12-22,25.9,25.96,25.42,25.78,30323.0
2025-12-23,25.58,26.0,25.58,25.88,44315.0
2025-12-24,25.98,26.0,25.3,25.46,59214.0
2025-12-25,25.4,25.52,25.22,25.38,28285.0
2025-12-28,25.38,25.38,24.29,24.42,23107.0
2025-12-29,24.43,24.69,24.29,24.66,42840.0
2025-12-30,24.6,24.63,23.51,23.78,24212.0
2025-12-31,23.83,25.1,23.83,25.06,69421.0
2026-01-01,25.06,25.36,24.98,25.18,37608.0
2026-01-04,25.26,25.26,24.5,24.68,30819.0
2026-01-05,24.68,25.22,24.59,24.7,33007.0
2026-01-06,24.73,25.1,24.6,24.76,59997.0
2026-01-07,25.44,25.5,24.89,25.26,42588.0
2026-01-08,25.28,25.28,24.69,24.69,15976.0
2026-01-11,24.9,25.48,24.69,25.48,30569.0
2026-01-12,25.48,25.9,25.38,25.6,55460.0
2026-01-13,25.4,25.78,25.34,25.6,42839.0
2026-01-14,25.5,26.02,25.3,25.44,75258.0
2026-01-15,25.44,25.78,24.56,24.73,64946.0
2026-01-18,25.22,25.96,25.0,25.72,59544.0
2026-01-19,25.48,25.7,25.2,25.2,52510.0
2026-01-20,25.48,25.54,25.0,25.24,35816.0
2026-01-21,25.4,25.6,25.0,25.34,24955.0
2026-01-22,25.38,25.88,25.38,25.84,55812.0
2026-01-25,25.88,26.46,25.84,26.32,79483.0
2026-01-26,26.32,26.32,25.74,25.76,55805.0
2026-01-27,25.76,26.18,25.5,25.94,105091.0
2026-01-28,25.98,26.5,25.76,26.06,181636.0
2026-01-29,26.28,26.28,25.3,25.3,134242.0
2026-02-01,25.5,25.52,24.55,24.75,46738.0
2026-02-02,24.45,25.22,24.42,25.1,34673.0
2026-02-03,25.2,25.5,24.89,25.0,39761.0
2026-02-04,24.7,25.24,24.7,25.0,26733.0
2026-02-05,25.0,25.02,24.21,24.5,33435.0
2026-02-08,25.1,25.2,24.41,24.64,16916.0
2026-02-09,24.64,24.88,24.44,24.6,25910.0
2026-02-10,24.88,24.88,24.42,24.58,15752.0
2026-02-11,24.56,24.78,24.06,24.19,62327.0
2026-02-12,24.1,24.42,23.73,24.0,111433.0
2026-02-15,24.0,24.2,23.81,23.89,100530.0
2026-02-16,23.89,23.89,23.35,23.75,59718.0
2026-02-17,23.8,23.86,23.23,23.25,45566.0
2026-02-18,23.22,23.6,23.2,23.38,24103.0
2026-02-19,23.3,23.3,22.3,22.88,48725.0
2026-02-23,22.3,22.66,21.61,22.2,78796.0
2026-02-24,21.7,22.47,21.38,21.5,47095.0
2026-02-25,21.35,21.72,21.21,21.5,95056.0
2026-02-26,21.4,21.57,21.22,21.28,16865.0
2026-03-01,19.34,21.0,19.34,20.5,31213.0
2026-03-02,20.22,21.4,20.22,20.58,22194.0
2026-03-03,20.98,20.98,19.35,20.5,11532.0
2026-03-04,20.5,20.98,20.37,20.73,36719.0
2026-03-05,20.8,21.09,20.71,21.08,38984.0
2026-03-08,21.16,22.47,21.08,22.0,36149.0
2026-03-09,22.0,22.0,21.3,21.56,16411.0
2026-03-10,21.02,22.0,21.02,21.57,23707.0
2026-03-11,21.57,21.58,20.6,20.67,30211.0
2026-03-12,20.5,20.5,20.03,20.5,28810.0
2026-03-15,20.8,20.8,20.22,20.53,11737.0
2026-03-16,20.13,20.97,20.12,20.97,15875.0
2026-03-24,21.0,21.29,20.04,21.0,59584.0
2026-03-25,21.0,21.38,20.98,21.32,48980.0
2026-03-26,21.28,21.6,21.25,21.6,20290.0
2026-03-29,21.7,21.7,21.21,21.29,33695.0
2026-03-30,21.29,21.92,21.0,21.65,65739.0
2026-03-31,21.1,21.4,20.7,20.99,91470.0
2026-04-01,20.7,21.37,20.7,21.11,44932.0
2026-04-02,21.29,21.29,20.85,20.85,36806.0
2026-04-05,21.04,21.92,20.85,21.48,89760.0
2026-04-06,21.76,21.76,21.3,21.58,36682.0
2026-04-07,21.5,21.58,20.61,20.7,43547.0
2026-04-08,21.19,21.97,21.17,21.76,110548.0
2026-04-09,21.81,21.83,21.15,21.4,56434.0
2026-04-12,21.4,22.5,21.12,21.9,231217.0
2026-04-13,21.8,22.31,21.4,22.2,169379.0
2026-04-14,22.49,23.17,22.25,22.6,303128.0
2026-04-15,22.67,22.88,22.61,22.82,73912.0
2026-04-16,22.8,22.95,22.52,22.71,72413.0
2026-04-19,22.94,22.94,22.5,22.75,82496.0
2026-04-20,22.73,22.73,22.15,22.16,62250.0
2026-04-21,22.16,22.39,22.05,22.19,39119.0
2026-04-22,22.19,22.46,21.92,22.09,45391.0
2026-04-23,21.72,22.2,21.62,21.71,24719.0
2026-04-26,21.76,21.95,21.6,21.78,14012.0
2026-04-27,21.78,22.15,21.69,22.1,32849.0
2026-04-28,22.15,22.15,21.62,21.8,54070.0
2026-04-29,21.6,21.92,21.6,21.64,24128.0
2026-04-30,21.64,21.9,21.53,21.69,26087.0
2026-05-03,21.69,22.15,21.69,22.0,40027.0
2026-05-04,22.01,22.53,21.79,22.24,140867.0
2026-05-05,22.11,22.14,21.71,21.93,86122.0
2026-05-06,21.95,22.1,21.65,21.7,43558.0
2026-05-07,21.74,21.99,21.49,21.6,44389.0
2026-05-10,21.46,21.93,21.4,21.59,29168.0
2026-05-11,21.28,21.76,21.28,21.44,26206.0
2026-05-12,21.44,21.49,20.5,21.05,102429.0
2026-05-13,21.05,21.05,20.72,20.73,39849.0
2026-05-14,20.73,21.0,20.71,20.74,27225.0
2026-05-17,20.74,20.74,20.35,20.46,34269.0
2026-05-18,20.67,20.67,20.18,20.37,35667.0
2026-05-19,20.37,20.57,20.11,20.25,30775.0
2026-05-20,20.26,20.26,19.82,20.05,66742.0
2026-05-21,20.0,20.25,19.96,20.22,24480.0
2026-05-31,20.25,20.44,20.22,20.44,18843.0
2026-06-01,20.55,20.95,20.5,20.8,54906.0
2026-06-02,20.8,20.92,20.59,20.74,48673.0
2026-06-03,20.73,20.73,20.54,20.63,21914.0
2026-06-04,20.51,20.69,20.4,20.5,21080.0
2026-06-07,20.5,20.5,20.24,20.3,22015.0
2026-06-08,20.18,20.24,19.82,20.16,50736.0
2026-06-09,20.06,20.55,20.06,20.55,34945.0
2026-06-10,20.64,20.65,20.31,20.45,64386.0
2026-06-11,20.32,20.48,20.32,20.41,17205.0
2026-06-14,20.5,20.7,20.48,20.57,37865.0
2026-06-15,20.57,21.15,20.57,20.9,182417.0
2026-06-16,20.91,21.2,20.7,20.7,65915.0
2026-06-17,20.61,20.79,20.51,20.62,44967.0
2026-06-18,20.53,21.26,20.4,20.6,74205.0
2026-06-21,20.6,21.01,20.5,20.95,40315.0
2026-06-22,21.0,22.25,20.8,21.5,759489.0
2026-06-23,21.6,21.63,20.9,20.9,153205.0
2026-06-24,21.05,21.8,20.91,21.41,149669.0
2026-06-25,21.66,22.3,21.2,21.45,194252.0
2026-06-28,21.68,22.0,21.45,21.5,125929.0
2026-06-29,21.7,21.92,21.35,21.92,85685.0
2026-06-30,21.92,22.65,21.68,22.11,281315.0
2026-07-01,22.18,22.5,21.86,22.26,128323.0
2026-07-02,22.2,22.7,22.19,22.65,168755.0
2026-07-05,22.7,23.0,22.45,22.49,131132.0
2026-07-06,22.49,22.49,22.0,22.14,66842.0
2026-07-07,22.0,22.2,21.85,21.97,48118.0
2026-07-08,21.8,22.2,21.3,21.3,45189.0
2026-07-09,21.4,21.78,21.34,21.34,41056.0
2026-07-12,21.4,21.65,21.37,21.51,16321.0
2026-07-13,21.14,21.62,21.14,21.49,42196.0
2026-07-14,21.49,21.49,21.18,21.18,23868.0
2026-07-15,21.1,21.29,20.65,20.78,46715.0
2026-07-16,20.78,21.0,20.65,20.71,28956.0
2026-07-19,20.97,21.22,20.7,20.8,43549.0
2026-07-20,20.81,20.89,20.53,20.57,31933.0
2026-07-21,20.5,20.72,20.3,20.3,19934.0
2026-07-22,20.15,20.48,20.15,20.3,33695.0
2026-07-23,20.3,20.52,20.27,20.48,18843.0
2026-07-26,20.48,20.59,20.34,20.38,16533.0
2026-07-27,20.38,20.54,20.32,20.46,21061.0
2026-07-28,20.4,20.47,20.09,20.4,24345.0
2026-07-29,20.39,20.39,19.8,19.96,14834.0
2026-07-30,19.96,20.4,19.81,19.87,32503.0
2026-08-02,19.99,20.2,19.82,19.93,34963.0
2026-08-03,19.96,20.22,19.85,20.14,46310.0
2026-08-04,20.14,20.68,20.14,20.53,44173.0
2026-08-05,20.53,20.74,20.53,20.62,19595.0
2026-08-06,20.87,20.87,20.36,20.4,23664.0
2026-08-09,20.5,20.58,20.0,20.29,41550.0
2026-08-10,20.27,20.88,20.16,20.59,25233.0
2026-08-11,20.76,20.95,20.45,20.74,30180.0
2026-08-13,20.3,20.69,20.04,20.04,27494.0
2026-08-16,20.0,20.5,20.0,20.14,28157.0
2026-08-17,19.74,20.13,19.31,19.5,114943.0
2026-08-18,19.5,19.54,18.91,19.08,71136.0
2026-08-19,19.1,19.39,18.91,19.06,19549.0
2026-08-20,19.0,19.5,19.0,19.35,33558.0
2026-08-23,19.35,19.75,19.35,19.68,43648.0
2026-08-24,19.95,20.39,19.7,19.88,124005.0
2026-08-25,19.88,20.4,19.76,20.23,100694.0
2026-08-26,20.21,20.42,20.15,20.41,38804.0
2026-08-27,20.41,20.49,20.26,20.28,30460.0
2026-08-30,20.3,20.4,20.2,20.23,28548.0
2026-08-31,20.17,20.44,20.1,20.16,42791.0
2026-09-01,20.29,20.35,20.08,20.1,36853.0
2026-09-02,20.27,20.27,19.9,20.0,31169.0
2026-09-03,20.0,20.16,20.0,20.14,24174.0
2026-09-06,20.14,20.33,20.1,20.28,24486.0
2026-09-07,20.31,20.7,20.18,20.4,106533.0
2026-09-08,20.4,20.4,20.16,20.27,31746.0
2026-09-09,20.2,20.37,19.98,20.04,32772.0
2026-09-10,20.19,20.19,19.91,19.91,30017.0
2026-09-13,19.95,19.95,19.0,19.54,9164.0
